id,prefix,taxonomy_id/id
taxonomy_base_1_11_prefix,11,taxonomy_base_1
taxonomy_base_2_12_prefix,12,taxonomy_base_2
taxonomy_base_3_13_prefix,13,taxonomy_base_3
taxonomy_base_4_1411_prefix,1411,taxonomy_base_4
taxonomy_base_5_1412_prefix,1412,taxonomy_base_5
taxonomy_base_6_1421_prefix,1421,taxonomy_base_6
taxonomy_base_7_1422_prefix,1422,taxonomy_base_7
taxonomy_base_8_1431_prefix,1431,taxonomy_base_8
taxonomy_base_9_1432_prefix,1432,taxonomy_base_9
taxonomy_base_10_2111_prefix,2111,taxonomy_base_10
taxonomy_base_10_2117_prefix,2117,taxonomy_base_10
taxonomy_base_10_2118_prefix,2118,taxonomy_base_10
taxonomy_base_10_2119_prefix,2119,taxonomy_base_10
taxonomy_base_11_2112_prefix,2112,taxonomy_base_11
taxonomy_base_12_2113_prefix,2113,taxonomy_base_12
taxonomy_base_13_2114_prefix,2114,taxonomy_base_13
taxonomy_base_14_2115_prefix,2115,taxonomy_base_14
taxonomy_base_15_2116_prefix,2116,taxonomy_base_15
taxonomy_base_16_2121_prefix,2121,taxonomy_base_16
taxonomy_base_16_2127_prefix,2127,taxonomy_base_16
taxonomy_base_16_2128_prefix,2128,taxonomy_base_16
taxonomy_base_16_2129_prefix,2129,taxonomy_base_16
taxonomy_base_17_2122_prefix,2122,taxonomy_base_17
taxonomy_base_18_2123_prefix,2123,taxonomy_base_18
taxonomy_base_19_2124_prefix,2124,taxonomy_base_19
taxonomy_base_20_2125_prefix,2125,taxonomy_base_20
taxonomy_base_21_2126_prefix,2126,taxonomy_base_21
taxonomy_base_22_213_prefix,213,taxonomy_base_22
taxonomy_base_22_214_prefix,214,taxonomy_base_22
taxonomy_base_22_215_prefix,215,taxonomy_base_22
taxonomy_base_22_216_prefix,216,taxonomy_base_22
taxonomy_base_22_217_prefix,217,taxonomy_base_22
taxonomy_base_23_218_prefix,218,taxonomy_base_23
taxonomy_base_24_219_prefix,219,taxonomy_base_24
taxonomy_base_25_219_prefix,219,taxonomy_base_25
taxonomy_base_26_219_prefix,219,taxonomy_base_26
taxonomy_base_27_219_prefix,219,taxonomy_base_27
taxonomy_base_28_219_prefix,219,taxonomy_base_28
taxonomy_base_29_219_prefix,219,taxonomy_base_29
taxonomy_base_30_219_prefix,219,taxonomy_base_30
taxonomy_base_31_219_prefix,219,taxonomy_base_31
taxonomy_base_32_219_prefix,219,taxonomy_base_32
taxonomy_base_33_219_prefix,219,taxonomy_base_33
taxonomy_base_34_219_prefix,219,taxonomy_base_34
taxonomy_base_35_219_prefix,219,taxonomy_base_35
taxonomy_base_36_219_prefix,219,taxonomy_base_36
taxonomy_base_37_2211_prefix,2211,taxonomy_base_37
taxonomy_base_37_2217_prefix,2217,taxonomy_base_37
taxonomy_base_37_2218_prefix,2218,taxonomy_base_37
taxonomy_base_37_2219_prefix,2219,taxonomy_base_37
taxonomy_base_38_2212_prefix,2212,taxonomy_base_38
taxonomy_base_39_2213_prefix,2213,taxonomy_base_39
taxonomy_base_40_2214_prefix,2214,taxonomy_base_40
taxonomy_base_41_2215_prefix,2215,taxonomy_base_41
taxonomy_base_42_2216_prefix,2216,taxonomy_base_42
taxonomy_base_43_2221_prefix,2221,taxonomy_base_43
taxonomy_base_43_2227_prefix,2227,taxonomy_base_43
taxonomy_base_43_2228_prefix,2228,taxonomy_base_43
taxonomy_base_43_2229_prefix,2229,taxonomy_base_43
taxonomy_base_44_2222_prefix,2222,taxonomy_base_44
taxonomy_base_45_2223_prefix,2223,taxonomy_base_45
taxonomy_base_46_2224_prefix,2224,taxonomy_base_46
taxonomy_base_47_2225_prefix,2225,taxonomy_base_47
taxonomy_base_48_2226_prefix,2226,taxonomy_base_48
taxonomy_base_49_223_prefix,223,taxonomy_base_49
taxonomy_base_49_224_prefix,224,taxonomy_base_49
taxonomy_base_49_226_prefix,226,taxonomy_base_49
taxonomy_base_49_227_prefix,227,taxonomy_base_49
taxonomy_base_50_225_prefix,225,taxonomy_base_50
taxonomy_base_51_228_prefix,228,taxonomy_base_51
taxonomy_base_52_229_prefix,229,taxonomy_base_52
taxonomy_base_53_2311_prefix,2311,taxonomy_base_53
taxonomy_base_54_2312_prefix,2312,taxonomy_base_54
taxonomy_base_55_2321_prefix,2321,taxonomy_base_55
taxonomy_base_56_2322_prefix,2322,taxonomy_base_56
taxonomy_base_57_2371_prefix,2371,taxonomy_base_57
taxonomy_base_58_2371_prefix,2371,taxonomy_base_58
taxonomy_base_59_2372_prefix,2372,taxonomy_base_59
taxonomy_base_60_2372_prefix,2372,taxonomy_base_60
taxonomy_base_61_233_prefix,233,taxonomy_base_61
taxonomy_base_61_234_prefix,234,taxonomy_base_61
taxonomy_base_61_235_prefix,235,taxonomy_base_61
taxonomy_base_61_236_prefix,236,taxonomy_base_61
taxonomy_base_61_2381_prefix,2381,taxonomy_base_61
taxonomy_base_62_233_prefix,233,taxonomy_base_62
taxonomy_base_62_234_prefix,234,taxonomy_base_62
taxonomy_base_62_235_prefix,235,taxonomy_base_62
taxonomy_base_62_236_prefix,236,taxonomy_base_62
taxonomy_base_62_2381_prefix,2381,taxonomy_base_62
taxonomy_base_63_233_prefix,233,taxonomy_base_63
taxonomy_base_63_234_prefix,234,taxonomy_base_63
taxonomy_base_63_235_prefix,235,taxonomy_base_63
taxonomy_base_63_236_prefix,236,taxonomy_base_63
taxonomy_base_63_2382_prefix,2382,taxonomy_base_63
taxonomy_base_64_233_prefix,233,taxonomy_base_64
taxonomy_base_64_234_prefix,234,taxonomy_base_64
taxonomy_base_64_235_prefix,235,taxonomy_base_64
taxonomy_base_64_236_prefix,236,taxonomy_base_64
taxonomy_base_64_2382_prefix,2382,taxonomy_base_64
taxonomy_base_65_239_prefix,239,taxonomy_base_65
taxonomy_base_66_239_prefix,239,taxonomy_base_66
taxonomy_base_67_239_prefix,239,taxonomy_base_67
taxonomy_base_68_239_prefix,239,taxonomy_base_68
taxonomy_base_69_239_prefix,239,taxonomy_base_69
taxonomy_base_70_239_prefix,239,taxonomy_base_70
taxonomy_base_71_241_prefix,241,taxonomy_base_71
taxonomy_base_72_242_prefix,242,taxonomy_base_72
taxonomy_base_73_2431_prefix,2431,taxonomy_base_73
taxonomy_base_74_2432_prefix,2432,taxonomy_base_74
taxonomy_base_75_2433_prefix,2433,taxonomy_base_75
taxonomy_base_76_2434_prefix,2434,taxonomy_base_76
taxonomy_base_77_2435_prefix,2435,taxonomy_base_77
taxonomy_base_78_2436_prefix,2436,taxonomy_base_78
taxonomy_base_79_2437_prefix,2437,taxonomy_base_79
taxonomy_base_80_2438_prefix,2438,taxonomy_base_80
taxonomy_base_81_2439_prefix,2439,taxonomy_base_81
taxonomy_base_82_244_prefix,244,taxonomy_base_82
taxonomy_base_83_245_prefix,245,taxonomy_base_83
taxonomy_base_84_246_prefix,246,taxonomy_base_84
taxonomy_base_85_247_prefix,247,taxonomy_base_85
taxonomy_base_85_248_prefix,248,taxonomy_base_85
taxonomy_base_86_2511_prefix,2511,taxonomy_base_86
taxonomy_base_87_2511_prefix,2511,taxonomy_base_87
taxonomy_base_88_2512_prefix,2512,taxonomy_base_88
taxonomy_base_89_2512_prefix,2512,taxonomy_base_89
taxonomy_base_90_2513_prefix,2513,taxonomy_base_90
taxonomy_base_91_2513_prefix,2513,taxonomy_base_91
taxonomy_base_92_2514_prefix,2514,taxonomy_base_92
taxonomy_base_92_2515_prefix,2515,taxonomy_base_92
taxonomy_base_92_2516_prefix,2516,taxonomy_base_92
taxonomy_base_92_2517_prefix,2517,taxonomy_base_92
taxonomy_base_92_2518_prefix,2518,taxonomy_base_92
taxonomy_base_92_2519_prefix,2519,taxonomy_base_92
taxonomy_base_93_2514_prefix,2514,taxonomy_base_93
taxonomy_base_93_2515_prefix,2515,taxonomy_base_93
taxonomy_base_93_2516_prefix,2516,taxonomy_base_93
taxonomy_base_93_2517_prefix,2517,taxonomy_base_93
taxonomy_base_93_2518_prefix,2518,taxonomy_base_93
taxonomy_base_93_2519_prefix,2519,taxonomy_base_93
taxonomy_base_94_2521_prefix,2521,taxonomy_base_94
taxonomy_base_95_2521_prefix,2521,taxonomy_base_95
taxonomy_base_96_2522_prefix,2522,taxonomy_base_96
taxonomy_base_96_2523_prefix,2523,taxonomy_base_96
taxonomy_base_96_2524_prefix,2524,taxonomy_base_96
taxonomy_base_96_2525_prefix,2525,taxonomy_base_96
taxonomy_base_96_2526_prefix,2526,taxonomy_base_96
taxonomy_base_96_2527_prefix,2527,taxonomy_base_96
taxonomy_base_96_2528_prefix,2528,taxonomy_base_96
taxonomy_base_96_2529_prefix,2529,taxonomy_base_96
taxonomy_base_97_2522_prefix,2522,taxonomy_base_97
taxonomy_base_97_2523_prefix,2523,taxonomy_base_97
taxonomy_base_97_2524_prefix,2524,taxonomy_base_97
taxonomy_base_97_2525_prefix,2525,taxonomy_base_97
taxonomy_base_97_2526_prefix,2526,taxonomy_base_97
taxonomy_base_97_2527_prefix,2527,taxonomy_base_97
taxonomy_base_97_2528_prefix,2528,taxonomy_base_97
taxonomy_base_97_2529_prefix,2529,taxonomy_base_97
taxonomy_base_98_2531_prefix,2531,taxonomy_base_98
taxonomy_base_99_2531_prefix,2531,taxonomy_base_99
taxonomy_base_100_2532_prefix,2532,taxonomy_base_100
taxonomy_base_100_2533_prefix,2533,taxonomy_base_100
taxonomy_base_100_2534_prefix,2534,taxonomy_base_100
taxonomy_base_100_2535_prefix,2535,taxonomy_base_100
taxonomy_base_100_2536_prefix,2536,taxonomy_base_100
taxonomy_base_100_2537_prefix,2537,taxonomy_base_100
taxonomy_base_100_2538_prefix,2538,taxonomy_base_100
taxonomy_base_100_2539_prefix,2539,taxonomy_base_100
taxonomy_base_101_2532_prefix,2532,taxonomy_base_101
taxonomy_base_101_2533_prefix,2533,taxonomy_base_101
taxonomy_base_101_2534_prefix,2534,taxonomy_base_101
taxonomy_base_101_2535_prefix,2535,taxonomy_base_101
taxonomy_base_101_2536_prefix,2536,taxonomy_base_101
taxonomy_base_101_2537_prefix,2537,taxonomy_base_101
taxonomy_base_101_2538_prefix,2538,taxonomy_base_101
taxonomy_base_101_2539_prefix,2539,taxonomy_base_101
taxonomy_base_102_254_prefix,254,taxonomy_base_102
taxonomy_base_103_254_prefix,254,taxonomy_base_103
taxonomy_base_104_255_prefix,255,taxonomy_base_104
taxonomy_base_104_256_prefix,256,taxonomy_base_104
taxonomy_base_104_257_prefix,257,taxonomy_base_104
taxonomy_base_104_258_prefix,258,taxonomy_base_104
taxonomy_base_105_255_prefix,255,taxonomy_base_105
taxonomy_base_105_256_prefix,256,taxonomy_base_105
taxonomy_base_105_257_prefix,257,taxonomy_base_105
taxonomy_base_105_258_prefix,258,taxonomy_base_105
taxonomy_base_106_261_prefix,261,taxonomy_base_106
taxonomy_base_107_262_prefix,262,taxonomy_base_107
taxonomy_base_108_263_prefix,263,taxonomy_base_108
taxonomy_base_109_264_prefix,264,taxonomy_base_109
taxonomy_base_110_265_prefix,265,taxonomy_base_110
taxonomy_base_111_266_prefix,266,taxonomy_base_111
taxonomy_base_112_266_prefix,266,taxonomy_base_112
taxonomy_base_113_267_prefix,267,taxonomy_base_113
taxonomy_base_113_268_prefix,268,taxonomy_base_113
taxonomy_base_114_267_prefix,267,taxonomy_base_114
taxonomy_base_114_268_prefix,268,taxonomy_base_114
taxonomy_base_115_269_prefix,269,taxonomy_base_115
taxonomy_base_116_269_prefix,269,taxonomy_base_116
taxonomy_base_117_269_prefix,269,taxonomy_base_117
taxonomy_base_118_269_prefix,269,taxonomy_base_118
taxonomy_base_119_269_prefix,269,taxonomy_base_119
taxonomy_base_120_269_prefix,269,taxonomy_base_120
taxonomy_base_121_269_prefix,269,taxonomy_base_121
taxonomy_base_122_269_prefix,269,taxonomy_base_122
taxonomy_base_123_269_prefix,269,taxonomy_base_123
taxonomy_base_124_2711_prefix,2711,taxonomy_base_124
taxonomy_base_125_2711_prefix,2711,taxonomy_base_125
taxonomy_base_126_2712_prefix,2712,taxonomy_base_126
taxonomy_base_127_2712_prefix,2712,taxonomy_base_127
taxonomy_base_128_2713_prefix,2713,taxonomy_base_128
taxonomy_base_129_2713_prefix,2713,taxonomy_base_129
taxonomy_base_130_2721_prefix,2721,taxonomy_base_130
taxonomy_base_131_2722_prefix,2722,taxonomy_base_131
taxonomy_base_132_273_prefix,273,taxonomy_base_132
taxonomy_base_133_2741_prefix,2741,taxonomy_base_133
taxonomy_base_134_2742_prefix,2742,taxonomy_base_134
taxonomy_base_135_275_prefix,275,taxonomy_base_135
taxonomy_base_136_275_prefix,275,taxonomy_base_136
taxonomy_base_137_276_prefix,276,taxonomy_base_137
taxonomy_base_138_277_prefix,277,taxonomy_base_138
taxonomy_base_138_278_prefix,278,taxonomy_base_138
taxonomy_base_139_277_prefix,277,taxonomy_base_139
taxonomy_base_139_278_prefix,278,taxonomy_base_139
taxonomy_base_140_279_prefix,279,taxonomy_base_140
taxonomy_base_141_279_prefix,279,taxonomy_base_141
taxonomy_base_142_279_prefix,279,taxonomy_base_142
taxonomy_base_143_279_prefix,279,taxonomy_base_143
taxonomy_base_144_279_prefix,279,taxonomy_base_144
taxonomy_base_145_279_prefix,279,taxonomy_base_145
taxonomy_base_146_281_prefix,281,taxonomy_base_146
taxonomy_base_147_282_prefix,282,taxonomy_base_147
taxonomy_base_148_291_prefix,291,taxonomy_base_148
taxonomy_base_149_292_prefix,292,taxonomy_base_149
taxonomy_base_150_293_prefix,293,taxonomy_base_150
taxonomy_base_151_294_prefix,294,taxonomy_base_151
taxonomy_base_152_295_prefix,295,taxonomy_base_152
taxonomy_base_153_296_prefix,296,taxonomy_base_153
taxonomy_base_154_297_prefix,297,taxonomy_base_154
taxonomy_base_155_298_prefix,298,taxonomy_base_155
taxonomy_base_156_311_prefix,311,taxonomy_base_156
taxonomy_base_156_314_prefix,314,taxonomy_base_156
taxonomy_base_156_315_prefix,315,taxonomy_base_156
taxonomy_base_156_316_prefix,316,taxonomy_base_156
taxonomy_base_157_312_prefix,312,taxonomy_base_157
taxonomy_base_157_314_prefix,314,taxonomy_base_157
taxonomy_base_157_315_prefix,315,taxonomy_base_157
taxonomy_base_157_316_prefix,316,taxonomy_base_157
taxonomy_base_158_313_prefix,313,taxonomy_base_158
taxonomy_base_158_314_prefix,314,taxonomy_base_158
taxonomy_base_158_315_prefix,315,taxonomy_base_158
taxonomy_base_158_316_prefix,316,taxonomy_base_158
taxonomy_base_159_314_prefix,314,taxonomy_base_159
taxonomy_base_159_315_prefix,315,taxonomy_base_159
taxonomy_base_159_316_prefix,316,taxonomy_base_159
taxonomy_base_159_317_prefix,317,taxonomy_base_159
taxonomy_base_160_314_prefix,314,taxonomy_base_160
taxonomy_base_160_315_prefix,315,taxonomy_base_160
taxonomy_base_160_316_prefix,316,taxonomy_base_160
taxonomy_base_160_317_prefix,317,taxonomy_base_160
taxonomy_base_161_314_prefix,314,taxonomy_base_161
taxonomy_base_161_315_prefix,315,taxonomy_base_161
taxonomy_base_161_316_prefix,316,taxonomy_base_161
taxonomy_base_161_317_prefix,317,taxonomy_base_161
taxonomy_base_162_314_prefix,314,taxonomy_base_162
taxonomy_base_162_315_prefix,315,taxonomy_base_162
taxonomy_base_162_316_prefix,316,taxonomy_base_162
taxonomy_base_162_318_prefix,318,taxonomy_base_162
taxonomy_base_163_314_prefix,314,taxonomy_base_163
taxonomy_base_163_315_prefix,315,taxonomy_base_163
taxonomy_base_163_316_prefix,316,taxonomy_base_163
taxonomy_base_163_318_prefix,318,taxonomy_base_163
taxonomy_base_164_314_prefix,314,taxonomy_base_164
taxonomy_base_164_315_prefix,315,taxonomy_base_164
taxonomy_base_164_316_prefix,316,taxonomy_base_164
taxonomy_base_164_318_prefix,318,taxonomy_base_164
taxonomy_base_165_321_prefix,321,taxonomy_base_165
taxonomy_base_165_322_prefix,322,taxonomy_base_165
taxonomy_base_165_323_prefix,323,taxonomy_base_165
taxonomy_base_165_324_prefix,324,taxonomy_base_165
taxonomy_base_165_327_prefix,327,taxonomy_base_165
taxonomy_base_165_328_prefix,328,taxonomy_base_165
taxonomy_base_166_325_prefix,325,taxonomy_base_166
taxonomy_base_167_326_prefix,326,taxonomy_base_167
taxonomy_base_168_329_prefix,329,taxonomy_base_168
taxonomy_base_169_329_prefix,329,taxonomy_base_169
taxonomy_base_170_329_prefix,329,taxonomy_base_170
taxonomy_base_171_331_prefix,331,taxonomy_base_171
taxonomy_base_172_332_prefix,332,taxonomy_base_172
taxonomy_base_173_333_prefix,333,taxonomy_base_173
taxonomy_base_174_334_prefix,334,taxonomy_base_174
taxonomy_base_175_335_prefix,335,taxonomy_base_175
taxonomy_base_176_336_prefix,336,taxonomy_base_176
taxonomy_base_176_337_prefix,337,taxonomy_base_176
taxonomy_base_176_338_prefix,338,taxonomy_base_176
taxonomy_base_177_339_prefix,339,taxonomy_base_177
taxonomy_base_178_339_prefix,339,taxonomy_base_178
taxonomy_base_179_339_prefix,339,taxonomy_base_179
taxonomy_base_180_339_prefix,339,taxonomy_base_180
taxonomy_base_181_339_prefix,339,taxonomy_base_181
taxonomy_base_182_339_prefix,339,taxonomy_base_182
taxonomy_base_183_341_prefix,341,taxonomy_base_183
taxonomy_base_183_342_prefix,342,taxonomy_base_183
taxonomy_base_183_343_prefix,343,taxonomy_base_183
taxonomy_base_183_344_prefix,344,taxonomy_base_183
taxonomy_base_183_345_prefix,345,taxonomy_base_183
taxonomy_base_183_347_prefix,347,taxonomy_base_183
taxonomy_base_183_348_prefix,348,taxonomy_base_183
taxonomy_base_184_346_prefix,346,taxonomy_base_184
taxonomy_base_185_349_prefix,349,taxonomy_base_185
taxonomy_base_186_349_prefix,349,taxonomy_base_186
taxonomy_base_187_351_prefix,351,taxonomy_base_187
taxonomy_base_188_352_prefix,352,taxonomy_base_188
taxonomy_base_189_353_prefix,353,taxonomy_base_189
taxonomy_base_189_354_prefix,354,taxonomy_base_189
taxonomy_base_189_355_prefix,355,taxonomy_base_189
taxonomy_base_189_356_prefix,356,taxonomy_base_189
taxonomy_base_189_357_prefix,357,taxonomy_base_189
taxonomy_base_189_358_prefix,358,taxonomy_base_189
taxonomy_base_190_359_prefix,359,taxonomy_base_190
taxonomy_base_191_359_prefix,359,taxonomy_base_191
taxonomy_base_192_359_prefix,359,taxonomy_base_192
taxonomy_base_193_361_prefix,361,taxonomy_base_193
taxonomy_base_193_362_prefix,362,taxonomy_base_193
taxonomy_base_193_363_prefix,363,taxonomy_base_193
taxonomy_base_193_364_prefix,364,taxonomy_base_193
taxonomy_base_193_365_prefix,365,taxonomy_base_193
taxonomy_base_193_366_prefix,366,taxonomy_base_193
taxonomy_base_193_367_prefix,367,taxonomy_base_193
taxonomy_base_193_368_prefix,368,taxonomy_base_193
taxonomy_base_194_369_prefix,369,taxonomy_base_194
taxonomy_base_195_3711_prefix,3711,taxonomy_base_195
taxonomy_base_196_3712_prefix,3712,taxonomy_base_196
taxonomy_base_197_3721_prefix,3721,taxonomy_base_197
taxonomy_base_198_3722_prefix,3722,taxonomy_base_198
taxonomy_base_199_373_prefix,373,taxonomy_base_199
taxonomy_base_199_374_prefix,374,taxonomy_base_199
taxonomy_base_199_375_prefix,375,taxonomy_base_199
taxonomy_base_199_376_prefix,376,taxonomy_base_199
taxonomy_base_199_377_prefix,377,taxonomy_base_199
taxonomy_base_199_378_prefix,378,taxonomy_base_199
taxonomy_base_199_379_prefix,379,taxonomy_base_199
taxonomy_base_200_373_prefix,373,taxonomy_base_200
taxonomy_base_200_374_prefix,374,taxonomy_base_200
taxonomy_base_200_375_prefix,375,taxonomy_base_200
taxonomy_base_200_376_prefix,376,taxonomy_base_200
taxonomy_base_200_377_prefix,377,taxonomy_base_200
taxonomy_base_200_378_prefix,378,taxonomy_base_200
taxonomy_base_200_379_prefix,379,taxonomy_base_200
taxonomy_base_201_373_prefix,373,taxonomy_base_201
taxonomy_base_201_374_prefix,374,taxonomy_base_201
taxonomy_base_201_375_prefix,375,taxonomy_base_201
taxonomy_base_201_376_prefix,376,taxonomy_base_201
taxonomy_base_201_377_prefix,377,taxonomy_base_201
taxonomy_base_201_378_prefix,378,taxonomy_base_201
taxonomy_base_201_379_prefix,379,taxonomy_base_201
taxonomy_base_202_373_prefix,373,taxonomy_base_202
taxonomy_base_202_374_prefix,374,taxonomy_base_202
taxonomy_base_202_375_prefix,375,taxonomy_base_202
taxonomy_base_202_376_prefix,376,taxonomy_base_202
taxonomy_base_202_377_prefix,377,taxonomy_base_202
taxonomy_base_202_378_prefix,378,taxonomy_base_202
taxonomy_base_202_379_prefix,379,taxonomy_base_202
taxonomy_base_203_382_prefix,382,taxonomy_base_203
taxonomy_base_204_383_prefix,383,taxonomy_base_204
taxonomy_base_205_384_prefix,384,taxonomy_base_205
taxonomy_base_206_385_prefix,385,taxonomy_base_206
taxonomy_base_207_386_prefix,386,taxonomy_base_207
taxonomy_base_208_387_prefix,387,taxonomy_base_208
taxonomy_base_209_39_prefix,39,taxonomy_base_209
taxonomy_base_210_39_prefix,39,taxonomy_base_210
taxonomy_base_211_39_prefix,39,taxonomy_base_211
taxonomy_base_212_39_prefix,39,taxonomy_base_212
taxonomy_base_213_39_prefix,39,taxonomy_base_213
taxonomy_base_214_39_prefix,39,taxonomy_base_214
taxonomy_base_215_39_prefix,39,taxonomy_base_215
taxonomy_base_216_4111_prefix,4111,taxonomy_base_216
taxonomy_base_217_4111_prefix,4111,taxonomy_base_217
taxonomy_base_218_4112_prefix,4112,taxonomy_base_218
taxonomy_base_219_4113_prefix,4113,taxonomy_base_219
taxonomy_base_220_4114_prefix,4114,taxonomy_base_220
taxonomy_base_220_4115_prefix,4115,taxonomy_base_220
taxonomy_base_220_4116_prefix,4116,taxonomy_base_220
taxonomy_base_220_4117_prefix,4117,taxonomy_base_220
taxonomy_base_220_4118_prefix,4118,taxonomy_base_220
taxonomy_base_220_4119_prefix,4119,taxonomy_base_220
taxonomy_base_221_4121_prefix,4121,taxonomy_base_221
taxonomy_base_222_4121_prefix,4121,taxonomy_base_222
taxonomy_base_223_4122_prefix,4122,taxonomy_base_223
taxonomy_base_224_4123_prefix,4123,taxonomy_base_224
taxonomy_base_225_4124_prefix,4124,taxonomy_base_225
taxonomy_base_225_4125_prefix,4125,taxonomy_base_225
taxonomy_base_225_4126_prefix,4126,taxonomy_base_225
taxonomy_base_225_4127_prefix,4127,taxonomy_base_225
taxonomy_base_225_4128_prefix,4128,taxonomy_base_225
taxonomy_base_225_4129_prefix,4129,taxonomy_base_225
taxonomy_base_226_4131_prefix,4131,taxonomy_base_226
taxonomy_base_227_4131_prefix,4131,taxonomy_base_227
taxonomy_base_228_4132_prefix,4132,taxonomy_base_228
taxonomy_base_229_4133_prefix,4133,taxonomy_base_229
taxonomy_base_230_4134_prefix,4134,taxonomy_base_230
taxonomy_base_230_4135_prefix,4135,taxonomy_base_230
taxonomy_base_230_4136_prefix,4136,taxonomy_base_230
taxonomy_base_230_4137_prefix,4137,taxonomy_base_230
taxonomy_base_230_4138_prefix,4138,taxonomy_base_230
taxonomy_base_230_4139_prefix,4139,taxonomy_base_230
taxonomy_base_231_4141_prefix,4141,taxonomy_base_231
taxonomy_base_232_4142_prefix,4142,taxonomy_base_232
taxonomy_base_233_4143_prefix,4143,taxonomy_base_233
taxonomy_base_233_4144_prefix,4144,taxonomy_base_233
taxonomy_base_233_4145_prefix,4145,taxonomy_base_233
taxonomy_base_233_4146_prefix,4146,taxonomy_base_233
taxonomy_base_233_4147_prefix,4147,taxonomy_base_233
taxonomy_base_233_4148_prefix,4148,taxonomy_base_233
taxonomy_base_233_4149_prefix,4149,taxonomy_base_233
taxonomy_base_234_4151_prefix,4151,taxonomy_base_234
taxonomy_base_235_416_prefix,416,taxonomy_base_235
taxonomy_base_235_417_prefix,417,taxonomy_base_235
taxonomy_base_235_418_prefix,418,taxonomy_base_235
taxonomy_base_235_4152_prefix,4152,taxonomy_base_235
taxonomy_base_235_4153_prefix,4153,taxonomy_base_235
taxonomy_base_235_4154_prefix,4154,taxonomy_base_235
taxonomy_base_235_4155_prefix,4155,taxonomy_base_235
taxonomy_base_235_4156_prefix,4156,taxonomy_base_235
taxonomy_base_235_4157_prefix,4157,taxonomy_base_235
taxonomy_base_235_4158_prefix,4158,taxonomy_base_235
taxonomy_base_235_4159_prefix,4159,taxonomy_base_235
taxonomy_base_236_416_prefix,416,taxonomy_base_236
taxonomy_base_236_417_prefix,417,taxonomy_base_236
taxonomy_base_236_418_prefix,418,taxonomy_base_236
taxonomy_base_237_416_prefix,416,taxonomy_base_237
taxonomy_base_237_417_prefix,417,taxonomy_base_237
taxonomy_base_237_418_prefix,418,taxonomy_base_237
taxonomy_base_238_416_prefix,416,taxonomy_base_238
taxonomy_base_238_417_prefix,417,taxonomy_base_238
taxonomy_base_238_418_prefix,418,taxonomy_base_238
taxonomy_base_239_419_prefix,419,taxonomy_base_239
taxonomy_base_240_419_prefix,419,taxonomy_base_240
taxonomy_base_241_419_prefix,419,taxonomy_base_241
taxonomy_base_242_419_prefix,419,taxonomy_base_242
taxonomy_base_243_419_prefix,419,taxonomy_base_243
taxonomy_base_244_419_prefix,419,taxonomy_base_244
taxonomy_base_245_419_prefix,419,taxonomy_base_245
taxonomy_base_246_419_prefix,419,taxonomy_base_246
taxonomy_base_247_419_prefix,419,taxonomy_base_247
taxonomy_base_248_419_prefix,419,taxonomy_base_248
taxonomy_base_249_419_prefix,419,taxonomy_base_249
taxonomy_base_250_419_prefix,419,taxonomy_base_250
taxonomy_base_251_419_prefix,419,taxonomy_base_251
taxonomy_base_252_419_prefix,419,taxonomy_base_252
taxonomy_base_253_419_prefix,419,taxonomy_base_253
taxonomy_base_254_419_prefix,419,taxonomy_base_254
taxonomy_base_255_419_prefix,419,taxonomy_base_255
taxonomy_base_256_419_prefix,419,taxonomy_base_256
taxonomy_base_257_419_prefix,419,taxonomy_base_257
taxonomy_base_258_419_prefix,419,taxonomy_base_258
taxonomy_base_259_421_prefix,421,taxonomy_base_259
taxonomy_base_260_422_prefix,422,taxonomy_base_260
taxonomy_base_261_423_prefix,423,taxonomy_base_261
taxonomy_base_261_424_prefix,424,taxonomy_base_261
taxonomy_base_261_425_prefix,425,taxonomy_base_261
taxonomy_base_261_426_prefix,426,taxonomy_base_261
taxonomy_base_261_427_prefix,427,taxonomy_base_261
taxonomy_base_262_428_prefix,428,taxonomy_base_262
taxonomy_base_263_428_prefix,428,taxonomy_base_263
taxonomy_base_264_428_prefix,428,taxonomy_base_264
taxonomy_base_265_429_prefix,429,taxonomy_base_265
taxonomy_base_266_429_prefix,429,taxonomy_base_266
taxonomy_base_267_429_prefix,429,taxonomy_base_267
taxonomy_base_268_431_prefix,431,taxonomy_base_268
taxonomy_base_269_432_prefix,432,taxonomy_base_269
taxonomy_base_270_433_prefix,433,taxonomy_base_270
taxonomy_base_271_434_prefix,434,taxonomy_base_271
taxonomy_base_272_435_prefix,435,taxonomy_base_272
taxonomy_base_273_436_prefix,436,taxonomy_base_273
taxonomy_base_274_437_prefix,437,taxonomy_base_274
taxonomy_base_275_438_prefix,438,taxonomy_base_275
taxonomy_base_276_438_prefix,438,taxonomy_base_276
taxonomy_base_277_438_prefix,438,taxonomy_base_277
taxonomy_base_278_438_prefix,438,taxonomy_base_278
taxonomy_base_279_438_prefix,438,taxonomy_base_279
taxonomy_base_280_438_prefix,438,taxonomy_base_280
taxonomy_base_281_438_prefix,438,taxonomy_base_281
taxonomy_base_282_439_prefix,439,taxonomy_base_282
taxonomy_base_283_439_prefix,439,taxonomy_base_283
taxonomy_base_284_439_prefix,439,taxonomy_base_284
taxonomy_base_285_439_prefix,439,taxonomy_base_285
taxonomy_base_286_439_prefix,439,taxonomy_base_286
taxonomy_base_287_439_prefix,439,taxonomy_base_287
taxonomy_base_288_439_prefix,439,taxonomy_base_288
taxonomy_base_289_441_prefix,441,taxonomy_base_289
taxonomy_base_290_442_prefix,442,taxonomy_base_290
taxonomy_base_291_443_prefix,443,taxonomy_base_291
taxonomy_base_292_444_prefix,444,taxonomy_base_292
taxonomy_base_293_445_prefix,445,taxonomy_base_293
taxonomy_base_293_446_prefix,446,taxonomy_base_293
taxonomy_base_293_447_prefix,447,taxonomy_base_293
taxonomy_base_294_448_prefix,448,taxonomy_base_294
taxonomy_base_295_448_prefix,448,taxonomy_base_295
taxonomy_base_296_448_prefix,448,taxonomy_base_296
taxonomy_base_297_448_prefix,448,taxonomy_base_297
taxonomy_base_298_448_prefix,448,taxonomy_base_298
taxonomy_base_299_449_prefix,449,taxonomy_base_299
taxonomy_base_300_449_prefix,449,taxonomy_base_300
taxonomy_base_301_449_prefix,449,taxonomy_base_301
taxonomy_base_302_449_prefix,449,taxonomy_base_302
taxonomy_base_303_449_prefix,449,taxonomy_base_303
taxonomy_base_304_451_prefix,451,taxonomy_base_304
taxonomy_base_304_456_prefix,456,taxonomy_base_304
taxonomy_base_304_457_prefix,457,taxonomy_base_304
taxonomy_base_304_458_prefix,458,taxonomy_base_304
taxonomy_base_305_452_prefix,452,taxonomy_base_305
taxonomy_base_305_456_prefix,456,taxonomy_base_305
taxonomy_base_305_457_prefix,457,taxonomy_base_305
taxonomy_base_305_458_prefix,458,taxonomy_base_305
taxonomy_base_306_453_prefix,453,taxonomy_base_306
taxonomy_base_306_456_prefix,456,taxonomy_base_306
taxonomy_base_306_457_prefix,457,taxonomy_base_306
taxonomy_base_306_458_prefix,458,taxonomy_base_306
taxonomy_base_307_454_prefix,454,taxonomy_base_307
taxonomy_base_307_456_prefix,456,taxonomy_base_307
taxonomy_base_307_457_prefix,457,taxonomy_base_307
taxonomy_base_307_458_prefix,458,taxonomy_base_307
taxonomy_base_308_455_prefix,455,taxonomy_base_308
taxonomy_base_308_456_prefix,456,taxonomy_base_308
taxonomy_base_308_457_prefix,457,taxonomy_base_308
taxonomy_base_308_458_prefix,458,taxonomy_base_308
taxonomy_base_309_455_prefix,455,taxonomy_base_309
taxonomy_base_309_456_prefix,456,taxonomy_base_309
taxonomy_base_309_457_prefix,457,taxonomy_base_309
taxonomy_base_309_458_prefix,458,taxonomy_base_309
taxonomy_base_310_455_prefix,455,taxonomy_base_310
taxonomy_base_310_456_prefix,456,taxonomy_base_310
taxonomy_base_310_457_prefix,457,taxonomy_base_310
taxonomy_base_310_458_prefix,458,taxonomy_base_310
taxonomy_base_311_455_prefix,455,taxonomy_base_311
taxonomy_base_311_456_prefix,456,taxonomy_base_311
taxonomy_base_311_457_prefix,457,taxonomy_base_311
taxonomy_base_311_458_prefix,458,taxonomy_base_311
taxonomy_base_312_459_prefix,459,taxonomy_base_312
taxonomy_base_313_459_prefix,459,taxonomy_base_313
taxonomy_base_314_459_prefix,459,taxonomy_base_314
taxonomy_base_315_459_prefix,459,taxonomy_base_315
taxonomy_base_316_459_prefix,459,taxonomy_base_316
taxonomy_base_317_459_prefix,459,taxonomy_base_317
taxonomy_base_318_459_prefix,459,taxonomy_base_318
taxonomy_base_319_459_prefix,459,taxonomy_base_319
taxonomy_base_320_461_prefix,461,taxonomy_base_320
taxonomy_base_320_462_prefix,462,taxonomy_base_320
taxonomy_base_320_463_prefix,463,taxonomy_base_320
taxonomy_base_320_464_prefix,464,taxonomy_base_320
taxonomy_base_320_465_prefix,465,taxonomy_base_320
taxonomy_base_320_466_prefix,466,taxonomy_base_320
taxonomy_base_320_467_prefix,467,taxonomy_base_320
taxonomy_base_320_468_prefix,468,taxonomy_base_320
taxonomy_base_321_461_prefix,461,taxonomy_base_321
taxonomy_base_321_462_prefix,462,taxonomy_base_321
taxonomy_base_321_463_prefix,463,taxonomy_base_321
taxonomy_base_321_464_prefix,464,taxonomy_base_321
taxonomy_base_321_465_prefix,465,taxonomy_base_321
taxonomy_base_321_466_prefix,466,taxonomy_base_321
taxonomy_base_321_467_prefix,467,taxonomy_base_321
taxonomy_base_321_468_prefix,468,taxonomy_base_321
taxonomy_base_322_461_prefix,461,taxonomy_base_322
taxonomy_base_322_462_prefix,462,taxonomy_base_322
taxonomy_base_322_463_prefix,463,taxonomy_base_322
taxonomy_base_322_464_prefix,464,taxonomy_base_322
taxonomy_base_322_465_prefix,465,taxonomy_base_322
taxonomy_base_322_466_prefix,466,taxonomy_base_322
taxonomy_base_322_467_prefix,467,taxonomy_base_322
taxonomy_base_322_468_prefix,468,taxonomy_base_322
taxonomy_base_323_461_prefix,461,taxonomy_base_323
taxonomy_base_323_462_prefix,462,taxonomy_base_323
taxonomy_base_323_463_prefix,463,taxonomy_base_323
taxonomy_base_323_464_prefix,464,taxonomy_base_323
taxonomy_base_323_465_prefix,465,taxonomy_base_323
taxonomy_base_323_466_prefix,466,taxonomy_base_323
taxonomy_base_323_467_prefix,467,taxonomy_base_323
taxonomy_base_323_468_prefix,468,taxonomy_base_323
taxonomy_base_324_461_prefix,461,taxonomy_base_324
taxonomy_base_324_462_prefix,462,taxonomy_base_324
taxonomy_base_324_463_prefix,463,taxonomy_base_324
taxonomy_base_324_464_prefix,464,taxonomy_base_324
taxonomy_base_324_465_prefix,465,taxonomy_base_324
taxonomy_base_324_466_prefix,466,taxonomy_base_324
taxonomy_base_324_467_prefix,467,taxonomy_base_324
taxonomy_base_324_468_prefix,468,taxonomy_base_324
taxonomy_base_325_461_prefix,461,taxonomy_base_325
taxonomy_base_325_462_prefix,462,taxonomy_base_325
taxonomy_base_325_463_prefix,463,taxonomy_base_325
taxonomy_base_325_464_prefix,464,taxonomy_base_325
taxonomy_base_325_465_prefix,465,taxonomy_base_325
taxonomy_base_325_466_prefix,466,taxonomy_base_325
taxonomy_base_325_467_prefix,467,taxonomy_base_325
taxonomy_base_325_468_prefix,468,taxonomy_base_325
taxonomy_base_326_469_prefix,469,taxonomy_base_326
taxonomy_base_327_469_prefix,469,taxonomy_base_327
taxonomy_base_328_469_prefix,469,taxonomy_base_328
taxonomy_base_329_469_prefix,469,taxonomy_base_329
taxonomy_base_330_469_prefix,469,taxonomy_base_330
taxonomy_base_331_51_prefix,51,taxonomy_base_331
taxonomy_base_332_521_prefix,521,taxonomy_base_332
taxonomy_base_332_523_prefix,523,taxonomy_base_332
taxonomy_base_332_524_prefix,524,taxonomy_base_332
taxonomy_base_332_525_prefix,525,taxonomy_base_332
taxonomy_base_332_526_prefix,526,taxonomy_base_332
taxonomy_base_332_527_prefix,527,taxonomy_base_332
taxonomy_base_332_528_prefix,528,taxonomy_base_332
taxonomy_base_332_529_prefix,529,taxonomy_base_332
taxonomy_base_333_522_prefix,522,taxonomy_base_333
taxonomy_base_333_523_prefix,523,taxonomy_base_333
taxonomy_base_333_524_prefix,524,taxonomy_base_333
taxonomy_base_333_525_prefix,525,taxonomy_base_333
taxonomy_base_333_526_prefix,526,taxonomy_base_333
taxonomy_base_333_527_prefix,527,taxonomy_base_333
taxonomy_base_333_528_prefix,528,taxonomy_base_333
taxonomy_base_333_529_prefix,529,taxonomy_base_333
taxonomy_base_334_53_prefix,53,taxonomy_base_334
taxonomy_base_335_54_prefix,54,taxonomy_base_335
taxonomy_base_336_551_prefix,551,taxonomy_base_336
taxonomy_base_337_552_prefix,552,taxonomy_base_337
taxonomy_base_337_553_prefix,553,taxonomy_base_337
taxonomy_base_337_554_prefix,554,taxonomy_base_337
taxonomy_base_337_555_prefix,555,taxonomy_base_337
taxonomy_base_337_556_prefix,556,taxonomy_base_337
taxonomy_base_337_557_prefix,557,taxonomy_base_337
taxonomy_base_337_558_prefix,558,taxonomy_base_337
taxonomy_base_337_559_prefix,559,taxonomy_base_337
taxonomy_base_338_56_prefix,56,taxonomy_base_338
taxonomy_base_339_5711_prefix,5711,taxonomy_base_339
taxonomy_base_340_5712_prefix,5712,taxonomy_base_340
taxonomy_base_341_5713_prefix,5713,taxonomy_base_341
taxonomy_base_341_5714_prefix,5714,taxonomy_base_341
taxonomy_base_341_5715_prefix,5715,taxonomy_base_341
taxonomy_base_341_5716_prefix,5716,taxonomy_base_341
taxonomy_base_341_5717_prefix,5717,taxonomy_base_341
taxonomy_base_341_5718_prefix,5718,taxonomy_base_341
taxonomy_base_341_5719_prefix,5719,taxonomy_base_341
taxonomy_base_342_572_prefix,572,taxonomy_base_342
taxonomy_base_342_573_prefix,573,taxonomy_base_342
taxonomy_base_342_574_prefix,574,taxonomy_base_342
taxonomy_base_342_575_prefix,575,taxonomy_base_342
taxonomy_base_342_576_prefix,576,taxonomy_base_342
taxonomy_base_342_577_prefix,577,taxonomy_base_342
taxonomy_base_342_578_prefix,578,taxonomy_base_342
taxonomy_base_342_579_prefix,579,taxonomy_base_342
taxonomy_base_343_5811_prefix,5811,taxonomy_base_343
taxonomy_base_344_5812_prefix,5812,taxonomy_base_344
taxonomy_base_345_5891_prefix,5891,taxonomy_base_345
taxonomy_base_345_5893_prefix,5893,taxonomy_base_345
taxonomy_base_345_5894_prefix,5894,taxonomy_base_345
taxonomy_base_345_5895_prefix,5895,taxonomy_base_345
taxonomy_base_345_5896_prefix,5896,taxonomy_base_345
taxonomy_base_345_5897_prefix,5897,taxonomy_base_345
taxonomy_base_345_5898_prefix,5898,taxonomy_base_345
taxonomy_base_345_5899_prefix,5899,taxonomy_base_345
taxonomy_base_346_5892_prefix,5892,taxonomy_base_346
taxonomy_base_346_5893_prefix,5893,taxonomy_base_346
taxonomy_base_346_5894_prefix,5894,taxonomy_base_346
taxonomy_base_346_5895_prefix,5895,taxonomy_base_346
taxonomy_base_346_5896_prefix,5896,taxonomy_base_346
taxonomy_base_346_5897_prefix,5897,taxonomy_base_346
taxonomy_base_346_5898_prefix,5898,taxonomy_base_346
taxonomy_base_346_5899_prefix,5899,taxonomy_base_346
taxonomy_base_347_591_prefix,591,taxonomy_base_347
taxonomy_base_348_592_prefix,592,taxonomy_base_348
taxonomy_base_349_5931_prefix,5931,taxonomy_base_349
taxonomy_base_350_5932_prefix,5932,taxonomy_base_350
taxonomy_base_351_594_prefix,594,taxonomy_base_351
taxonomy_base_352_595_prefix,595,taxonomy_base_352
taxonomy_base_352_596_prefix,596,taxonomy_base_352
taxonomy_base_352_597_prefix,597,taxonomy_base_352
taxonomy_base_352_598_prefix,598,taxonomy_base_352
taxonomy_base_352_599_prefix,599,taxonomy_base_352
taxonomy_base_353_611_prefix,611,taxonomy_base_353
taxonomy_base_354_612_prefix,612,taxonomy_base_354
taxonomy_base_355_613_prefix,613,taxonomy_base_355
taxonomy_base_356_621_prefix,621,taxonomy_base_356
taxonomy_base_357_6221_prefix,6221,taxonomy_base_357
taxonomy_base_358_6222_prefix,6222,taxonomy_base_358
taxonomy_base_359_6223_prefix,6223,taxonomy_base_359
taxonomy_base_360_6224_prefix,6224,taxonomy_base_360
taxonomy_base_361_6225_prefix,6225,taxonomy_base_361
taxonomy_base_362_6226_prefix,6226,taxonomy_base_362
taxonomy_base_363_6227_prefix,6227,taxonomy_base_363
taxonomy_base_363_6228_prefix,6228,taxonomy_base_363
taxonomy_base_364_6231_prefix,6231,taxonomy_base_364
taxonomy_base_365_6232_prefix,6232,taxonomy_base_365
taxonomy_base_366_6233_prefix,6233,taxonomy_base_366
taxonomy_base_367_6234_prefix,6234,taxonomy_base_367
taxonomy_base_368_6235_prefix,6235,taxonomy_base_368
taxonomy_base_368_6236_prefix,6236,taxonomy_base_368
taxonomy_base_368_6237_prefix,6237,taxonomy_base_368
taxonomy_base_368_6238_prefix,6238,taxonomy_base_368
taxonomy_base_369_6241_prefix,6241,taxonomy_base_369
taxonomy_base_370_6242_prefix,6242,taxonomy_base_370
taxonomy_base_371_6243_prefix,6243,taxonomy_base_371
taxonomy_base_372_6244_prefix,6244,taxonomy_base_372
taxonomy_base_372_6245_prefix,6245,taxonomy_base_372
taxonomy_base_372_6246_prefix,6246,taxonomy_base_372
taxonomy_base_372_6247_prefix,6247,taxonomy_base_372
taxonomy_base_372_6248_prefix,6248,taxonomy_base_372
taxonomy_base_373_6251_prefix,6251,taxonomy_base_373
taxonomy_base_374_6252_prefix,6252,taxonomy_base_374
taxonomy_base_375_6253_prefix,6253,taxonomy_base_375
taxonomy_base_376_6254_prefix,6254,taxonomy_base_376
taxonomy_base_376_6255_prefix,6255,taxonomy_base_376
taxonomy_base_376_6256_prefix,6256,taxonomy_base_376
taxonomy_base_376_6257_prefix,6257,taxonomy_base_376
taxonomy_base_376_6258_prefix,6258,taxonomy_base_376
taxonomy_base_377_6261_prefix,6261,taxonomy_base_377
taxonomy_base_378_6262_prefix,6262,taxonomy_base_378
taxonomy_base_379_6263_prefix,6263,taxonomy_base_379
taxonomy_base_380_6264_prefix,6264,taxonomy_base_380
taxonomy_base_381_6265_prefix,6265,taxonomy_base_381
taxonomy_base_382_6266_prefix,6266,taxonomy_base_382
taxonomy_base_383_6267_prefix,6267,taxonomy_base_383
taxonomy_base_384_6268_prefix,6268,taxonomy_base_384
taxonomy_base_385_631_prefix,631,taxonomy_base_385
taxonomy_base_386_632_prefix,632,taxonomy_base_386
taxonomy_base_387_6331_prefix,6331,taxonomy_base_387
taxonomy_base_388_6332_prefix,6332,taxonomy_base_388
taxonomy_base_389_634_prefix,634,taxonomy_base_389
taxonomy_base_390_635_prefix,635,taxonomy_base_390
taxonomy_base_391_636_prefix,636,taxonomy_base_391
taxonomy_base_392_637_prefix,637,taxonomy_base_392
taxonomy_base_393_638_prefix,638,taxonomy_base_393
taxonomy_base_394_641_prefix,641,taxonomy_base_394
taxonomy_base_395_641_prefix,641,taxonomy_base_395
taxonomy_base_396_641_prefix,641,taxonomy_base_396
taxonomy_base_397_642_prefix,642,taxonomy_base_397
taxonomy_base_398_642_prefix,642,taxonomy_base_398
taxonomy_base_399_642_prefix,642,taxonomy_base_399
taxonomy_base_400_642_prefix,642,taxonomy_base_400
taxonomy_base_401_642_prefix,642,taxonomy_base_401
taxonomy_base_402_642_prefix,642,taxonomy_base_402
taxonomy_base_403_642_prefix,642,taxonomy_base_403
taxonomy_base_404_643_prefix,643,taxonomy_base_404
taxonomy_base_405_643_prefix,643,taxonomy_base_405
taxonomy_base_406_643_prefix,643,taxonomy_base_406
taxonomy_base_407_643_prefix,643,taxonomy_base_407
taxonomy_base_408_643_prefix,643,taxonomy_base_408
taxonomy_base_409_641_prefix,641,taxonomy_base_409
taxonomy_base_409_642_prefix,642,taxonomy_base_409
taxonomy_base_409_643_prefix,643,taxonomy_base_409
taxonomy_base_410_641_prefix,641,taxonomy_base_410
taxonomy_base_410_642_prefix,642,taxonomy_base_410
taxonomy_base_410_643_prefix,643,taxonomy_base_410
taxonomy_base_411_641_prefix,641,taxonomy_base_411
taxonomy_base_411_642_prefix,642,taxonomy_base_411
taxonomy_base_411_643_prefix,643,taxonomy_base_411
taxonomy_base_412_652_prefix,652,taxonomy_base_412
taxonomy_base_412_653_prefix,653,taxonomy_base_412
taxonomy_base_412_654_prefix,654,taxonomy_base_412
taxonomy_base_412_655_prefix,655,taxonomy_base_412
taxonomy_base_412_656_prefix,656,taxonomy_base_412
taxonomy_base_412_657_prefix,657,taxonomy_base_412
taxonomy_base_412_658_prefix,658,taxonomy_base_412
taxonomy_base_412_6511_prefix,6511,taxonomy_base_412
taxonomy_base_412_6512_prefix,6512,taxonomy_base_412
taxonomy_base_413_6511_prefix,6511,taxonomy_base_413
taxonomy_base_414_6512_prefix,6512,taxonomy_base_414
taxonomy_base_415_652_prefix,652,taxonomy_base_415
taxonomy_base_416_652_prefix,652,taxonomy_base_416
taxonomy_base_417_652_prefix,652,taxonomy_base_417
taxonomy_base_418_652_prefix,652,taxonomy_base_418
taxonomy_base_419_652_prefix,652,taxonomy_base_419
taxonomy_base_420_652_prefix,652,taxonomy_base_420
taxonomy_base_421_652_prefix,652,taxonomy_base_421
taxonomy_base_422_653_prefix,653,taxonomy_base_422
taxonomy_base_423_653_prefix,653,taxonomy_base_423
taxonomy_base_424_653_prefix,653,taxonomy_base_424
taxonomy_base_425_653_prefix,653,taxonomy_base_425
taxonomy_base_426_654_prefix,654,taxonomy_base_426
taxonomy_base_427_654_prefix,654,taxonomy_base_427
taxonomy_base_428_654_prefix,654,taxonomy_base_428
taxonomy_base_429_655_prefix,655,taxonomy_base_429
taxonomy_base_430_655_prefix,655,taxonomy_base_430
taxonomy_base_431_655_prefix,655,taxonomy_base_431
taxonomy_base_432_655_prefix,655,taxonomy_base_432
taxonomy_base_433_655_prefix,655,taxonomy_base_433
taxonomy_base_434_655_prefix,655,taxonomy_base_434
taxonomy_base_435_655_prefix,655,taxonomy_base_435
taxonomy_base_436_656_prefix,656,taxonomy_base_436
taxonomy_base_437_656_prefix,656,taxonomy_base_437
taxonomy_base_438_656_prefix,656,taxonomy_base_438
taxonomy_base_439_656_prefix,656,taxonomy_base_439
taxonomy_base_440_656_prefix,656,taxonomy_base_440
taxonomy_base_441_657_prefix,657,taxonomy_base_441
taxonomy_base_442_657_prefix,657,taxonomy_base_442
taxonomy_base_443_657_prefix,657,taxonomy_base_443
taxonomy_base_444_657_prefix,657,taxonomy_base_444
taxonomy_base_445_657_prefix,657,taxonomy_base_445
taxonomy_base_446_657_prefix,657,taxonomy_base_446
taxonomy_base_447_657_prefix,657,taxonomy_base_447
taxonomy_base_448_657_prefix,657,taxonomy_base_448
taxonomy_base_449_658_prefix,658,taxonomy_base_449
taxonomy_base_450_658_prefix,658,taxonomy_base_450
taxonomy_base_451_658_prefix,658,taxonomy_base_451
taxonomy_base_452_658_prefix,658,taxonomy_base_452
taxonomy_base_453_658_prefix,658,taxonomy_base_453
taxonomy_base_454_661_prefix,661,taxonomy_base_454
taxonomy_base_455_662_prefix,662,taxonomy_base_455
taxonomy_base_456_662_prefix,662,taxonomy_base_456
taxonomy_base_457_663_prefix,663,taxonomy_base_457
taxonomy_base_458_663_prefix,663,taxonomy_base_458
taxonomy_base_459_663_prefix,663,taxonomy_base_459
taxonomy_base_460_663_prefix,663,taxonomy_base_460
taxonomy_base_461_664_prefix,664,taxonomy_base_461
taxonomy_base_462_664_prefix,664,taxonomy_base_462
taxonomy_base_463_671_prefix,671,taxonomy_base_463
taxonomy_base_464_672_prefix,672,taxonomy_base_464
taxonomy_base_465_673_prefix,673,taxonomy_base_465
taxonomy_base_466_674_prefix,674,taxonomy_base_466
taxonomy_base_467_675_prefix,675,taxonomy_base_467
taxonomy_base_468_676_prefix,676,taxonomy_base_468
taxonomy_base_469_677_prefix,677,taxonomy_base_469
taxonomy_base_470_678_prefix,678,taxonomy_base_470
taxonomy_base_471_6811_prefix,6811,taxonomy_base_471
taxonomy_base_472_6812_prefix,6812,taxonomy_base_472
taxonomy_base_473_6813_prefix,6813,taxonomy_base_473
taxonomy_base_474_682_prefix,682,taxonomy_base_474
taxonomy_base_475_683_prefix,683,taxonomy_base_475
taxonomy_base_476_6841_prefix,6841,taxonomy_base_476
taxonomy_base_477_6842_prefix,6842,taxonomy_base_477
taxonomy_base_478_6843_prefix,6843,taxonomy_base_478
taxonomy_base_478_6844_prefix,6844,taxonomy_base_478
taxonomy_base_478_6845_prefix,6845,taxonomy_base_478
taxonomy_base_478_6846_prefix,6846,taxonomy_base_478
taxonomy_base_478_6847_prefix,6847,taxonomy_base_478
taxonomy_base_478_6848_prefix,6848,taxonomy_base_478
taxonomy_base_479_6851_prefix,6851,taxonomy_base_479
taxonomy_base_480_6852_prefix,6852,taxonomy_base_480
taxonomy_base_481_6853_prefix,6853,taxonomy_base_481
taxonomy_base_482_6854_prefix,6854,taxonomy_base_482
taxonomy_base_482_6855_prefix,6855,taxonomy_base_482
taxonomy_base_482_6856_prefix,6856,taxonomy_base_482
taxonomy_base_482_6857_prefix,6857,taxonomy_base_482
taxonomy_base_482_6858_prefix,6858,taxonomy_base_482
taxonomy_base_483_6861_prefix,6861,taxonomy_base_483
taxonomy_base_484_6862_prefix,6862,taxonomy_base_484
taxonomy_base_485_6863_prefix,6863,taxonomy_base_485
taxonomy_base_486_6864_prefix,6864,taxonomy_base_486
taxonomy_base_486_6865_prefix,6865,taxonomy_base_486
taxonomy_base_486_6866_prefix,6866,taxonomy_base_486
taxonomy_base_486_6867_prefix,6867,taxonomy_base_486
taxonomy_base_486_6868_prefix,6868,taxonomy_base_486
taxonomy_base_487_6871_prefix,6871,taxonomy_base_487
taxonomy_base_488_6872_prefix,6872,taxonomy_base_488
taxonomy_base_489_6873_prefix,6873,taxonomy_base_489
taxonomy_base_490_6874_prefix,6874,taxonomy_base_490
taxonomy_base_491_6875_prefix,6875,taxonomy_base_491
taxonomy_base_491_6876_prefix,6876,taxonomy_base_491
taxonomy_base_491_6877_prefix,6877,taxonomy_base_491
taxonomy_base_491_6878_prefix,6878,taxonomy_base_491
taxonomy_base_492_6881_prefix,6881,taxonomy_base_492
taxonomy_base_493_6882_prefix,6882,taxonomy_base_493
taxonomy_base_494_6883_prefix,6883,taxonomy_base_494
taxonomy_base_495_6884_prefix,6884,taxonomy_base_495
taxonomy_base_496_6885_prefix,6885,taxonomy_base_496
taxonomy_base_497_6886_prefix,6886,taxonomy_base_497
taxonomy_base_498_6887_prefix,6887,taxonomy_base_498
taxonomy_base_499_6888_prefix,6888,taxonomy_base_499
taxonomy_base_500_6911_prefix,6911,taxonomy_base_500
taxonomy_base_501_6912_prefix,6912,taxonomy_base_501
taxonomy_base_501_6913_prefix,6913,taxonomy_base_501
taxonomy_base_501_6914_prefix,6914,taxonomy_base_501
taxonomy_base_501_6915_prefix,6915,taxonomy_base_501
taxonomy_base_501_6916_prefix,6916,taxonomy_base_501
taxonomy_base_501_6917_prefix,6917,taxonomy_base_501
taxonomy_base_501_6918_prefix,6918,taxonomy_base_501
taxonomy_base_502_6921_prefix,6921,taxonomy_base_502
taxonomy_base_503_6922_prefix,6922,taxonomy_base_503
taxonomy_base_503_6923_prefix,6923,taxonomy_base_503
taxonomy_base_503_6924_prefix,6924,taxonomy_base_503
taxonomy_base_503_6925_prefix,6925,taxonomy_base_503
taxonomy_base_503_6926_prefix,6926,taxonomy_base_503
taxonomy_base_503_6927_prefix,6927,taxonomy_base_503
taxonomy_base_503_6928_prefix,6928,taxonomy_base_503
taxonomy_base_504_693_prefix,693,taxonomy_base_504
taxonomy_base_504_694_prefix,694,taxonomy_base_504
taxonomy_base_504_695_prefix,695,taxonomy_base_504
taxonomy_base_504_696_prefix,696,taxonomy_base_504
taxonomy_base_504_697_prefix,697,taxonomy_base_504
taxonomy_base_504_6981_prefix,6981,taxonomy_base_504
taxonomy_base_504_6982_prefix,6982,taxonomy_base_504
taxonomy_base_504_6983_prefix,6983,taxonomy_base_504
taxonomy_base_504_6984_prefix,6984,taxonomy_base_504
taxonomy_base_504_6985_prefix,6985,taxonomy_base_504
taxonomy_base_504_6986_prefix,6986,taxonomy_base_504
taxonomy_base_504_6987_prefix,6987,taxonomy_base_504
taxonomy_base_505_693_prefix,693,taxonomy_base_505
taxonomy_base_505_694_prefix,694,taxonomy_base_505
taxonomy_base_505_695_prefix,695,taxonomy_base_505
taxonomy_base_505_696_prefix,696,taxonomy_base_505
taxonomy_base_505_697_prefix,697,taxonomy_base_505
taxonomy_base_505_6982_prefix,6982,taxonomy_base_505
taxonomy_base_505_6983_prefix,6983,taxonomy_base_505
taxonomy_base_505_6984_prefix,6984,taxonomy_base_505
taxonomy_base_505_6985_prefix,6985,taxonomy_base_505
taxonomy_base_505_6986_prefix,6986,taxonomy_base_505
taxonomy_base_505_6987_prefix,6987,taxonomy_base_505
taxonomy_base_505_6988_prefix,6988,taxonomy_base_505
taxonomy_base_506_711_prefix,711,taxonomy_base_506
taxonomy_base_506_715_prefix,715,taxonomy_base_506
taxonomy_base_507_712_prefix,712,taxonomy_base_507
taxonomy_base_507_715_prefix,715,taxonomy_base_507
taxonomy_base_508_713_prefix,713,taxonomy_base_508
taxonomy_base_508_715_prefix,715,taxonomy_base_508
taxonomy_base_509_714_prefix,714,taxonomy_base_509
taxonomy_base_509_715_prefix,715,taxonomy_base_509
taxonomy_base_510_715_prefix,715,taxonomy_base_510
taxonomy_base_510_716_prefix,716,taxonomy_base_510
taxonomy_base_511_715_prefix,715,taxonomy_base_511
taxonomy_base_511_717_prefix,717,taxonomy_base_511
taxonomy_base_512_715_prefix,715,taxonomy_base_512
taxonomy_base_512_718_prefix,718,taxonomy_base_512
taxonomy_base_513_721_prefix,721,taxonomy_base_513
taxonomy_base_514_722_prefix,722,taxonomy_base_514
taxonomy_base_515_723_prefix,723,taxonomy_base_515
taxonomy_base_515_724_prefix,724,taxonomy_base_515
taxonomy_base_515_727_prefix,727,taxonomy_base_515
taxonomy_base_516_725_prefix,725,taxonomy_base_516
taxonomy_base_517_726_prefix,726,taxonomy_base_517
taxonomy_base_518_728_prefix,728,taxonomy_base_518
taxonomy_base_519_731_prefix,731,taxonomy_base_519
taxonomy_base_520_732_prefix,732,taxonomy_base_520
taxonomy_base_521_733_prefix,733,taxonomy_base_521
taxonomy_base_522_734_prefix,734,taxonomy_base_522
taxonomy_base_523_741_prefix,741,taxonomy_base_523
taxonomy_base_523_745_prefix,745,taxonomy_base_523
taxonomy_base_523_746_prefix,746,taxonomy_base_523
taxonomy_base_523_747_prefix,747,taxonomy_base_523
taxonomy_base_523_748_prefix,748,taxonomy_base_523
taxonomy_base_523_749_prefix,749,taxonomy_base_523
taxonomy_base_524_742_prefix,742,taxonomy_base_524
taxonomy_base_524_745_prefix,745,taxonomy_base_524
taxonomy_base_524_746_prefix,746,taxonomy_base_524
taxonomy_base_524_747_prefix,747,taxonomy_base_524
taxonomy_base_524_748_prefix,748,taxonomy_base_524
taxonomy_base_524_749_prefix,749,taxonomy_base_524
taxonomy_base_525_743_prefix,743,taxonomy_base_525
taxonomy_base_525_745_prefix,745,taxonomy_base_525
taxonomy_base_525_746_prefix,746,taxonomy_base_525
taxonomy_base_525_747_prefix,747,taxonomy_base_525
taxonomy_base_525_748_prefix,748,taxonomy_base_525
taxonomy_base_525_749_prefix,749,taxonomy_base_525
taxonomy_base_526_744_prefix,744,taxonomy_base_526
taxonomy_base_526_745_prefix,745,taxonomy_base_526
taxonomy_base_526_746_prefix,746,taxonomy_base_526
taxonomy_base_526_747_prefix,747,taxonomy_base_526
taxonomy_base_526_748_prefix,748,taxonomy_base_526
taxonomy_base_526_749_prefix,749,taxonomy_base_526
taxonomy_base_527_751_prefix,751,taxonomy_base_527
taxonomy_base_528_752_prefix,752,taxonomy_base_528
taxonomy_base_529_764_prefix,764,taxonomy_base_529
taxonomy_base_529_765_prefix,765,taxonomy_base_529
taxonomy_base_529_766_prefix,766,taxonomy_base_529
taxonomy_base_529_767_prefix,767,taxonomy_base_529
taxonomy_base_529_768_prefix,768,taxonomy_base_529
taxonomy_base_529_769_prefix,769,taxonomy_base_529
taxonomy_base_529_7611_prefix,7611,taxonomy_base_529
taxonomy_base_529_7639_prefix,7639,taxonomy_base_529
taxonomy_base_530_764_prefix,764,taxonomy_base_530
taxonomy_base_530_765_prefix,765,taxonomy_base_530
taxonomy_base_530_766_prefix,766,taxonomy_base_530
taxonomy_base_530_767_prefix,767,taxonomy_base_530
taxonomy_base_530_768_prefix,768,taxonomy_base_530
taxonomy_base_530_769_prefix,769,taxonomy_base_530
taxonomy_base_530_7611_prefix,7611,taxonomy_base_530
taxonomy_base_530_7639_prefix,7639,taxonomy_base_530
taxonomy_base_531_764_prefix,764,taxonomy_base_531
taxonomy_base_531_765_prefix,765,taxonomy_base_531
taxonomy_base_531_766_prefix,766,taxonomy_base_531
taxonomy_base_531_767_prefix,767,taxonomy_base_531
taxonomy_base_531_768_prefix,768,taxonomy_base_531
taxonomy_base_531_769_prefix,769,taxonomy_base_531
taxonomy_base_531_7611_prefix,7611,taxonomy_base_531
taxonomy_base_531_7639_prefix,7639,taxonomy_base_531
taxonomy_base_532_764_prefix,764,taxonomy_base_532
taxonomy_base_532_765_prefix,765,taxonomy_base_532
taxonomy_base_532_766_prefix,766,taxonomy_base_532
taxonomy_base_532_767_prefix,767,taxonomy_base_532
taxonomy_base_532_768_prefix,768,taxonomy_base_532
taxonomy_base_532_769_prefix,769,taxonomy_base_532
taxonomy_base_532_7612_prefix,7612,taxonomy_base_532
taxonomy_base_532_7639_prefix,7639,taxonomy_base_532
taxonomy_base_533_764_prefix,764,taxonomy_base_533
taxonomy_base_533_765_prefix,765,taxonomy_base_533
taxonomy_base_533_766_prefix,766,taxonomy_base_533
taxonomy_base_533_767_prefix,767,taxonomy_base_533
taxonomy_base_533_768_prefix,768,taxonomy_base_533
taxonomy_base_533_769_prefix,769,taxonomy_base_533
taxonomy_base_533_7612_prefix,7612,taxonomy_base_533
taxonomy_base_533_7639_prefix,7639,taxonomy_base_533
taxonomy_base_534_764_prefix,764,taxonomy_base_534
taxonomy_base_534_765_prefix,765,taxonomy_base_534
taxonomy_base_534_766_prefix,766,taxonomy_base_534
taxonomy_base_534_767_prefix,767,taxonomy_base_534
taxonomy_base_534_768_prefix,768,taxonomy_base_534
taxonomy_base_534_769_prefix,769,taxonomy_base_534
taxonomy_base_534_7612_prefix,7612,taxonomy_base_534
taxonomy_base_534_7639_prefix,7639,taxonomy_base_534
taxonomy_base_535_764_prefix,764,taxonomy_base_535
taxonomy_base_535_765_prefix,765,taxonomy_base_535
taxonomy_base_535_766_prefix,766,taxonomy_base_535
taxonomy_base_535_767_prefix,767,taxonomy_base_535
taxonomy_base_535_768_prefix,768,taxonomy_base_535
taxonomy_base_535_769_prefix,769,taxonomy_base_535
taxonomy_base_535_7612_prefix,7612,taxonomy_base_535
taxonomy_base_535_7639_prefix,7639,taxonomy_base_535
taxonomy_base_536_764_prefix,764,taxonomy_base_536
taxonomy_base_536_765_prefix,765,taxonomy_base_536
taxonomy_base_536_766_prefix,766,taxonomy_base_536
taxonomy_base_536_767_prefix,767,taxonomy_base_536
taxonomy_base_536_768_prefix,768,taxonomy_base_536
taxonomy_base_536_769_prefix,769,taxonomy_base_536
taxonomy_base_536_7612_prefix,7612,taxonomy_base_536
taxonomy_base_536_7639_prefix,7639,taxonomy_base_536
taxonomy_base_537_764_prefix,764,taxonomy_base_537
taxonomy_base_537_765_prefix,765,taxonomy_base_537
taxonomy_base_537_766_prefix,766,taxonomy_base_537
taxonomy_base_537_767_prefix,767,taxonomy_base_537
taxonomy_base_537_768_prefix,768,taxonomy_base_537
taxonomy_base_537_769_prefix,769,taxonomy_base_537
taxonomy_base_537_7612_prefix,7612,taxonomy_base_537
taxonomy_base_537_7639_prefix,7639,taxonomy_base_537
taxonomy_base_538_764_prefix,764,taxonomy_base_538
taxonomy_base_538_765_prefix,765,taxonomy_base_538
taxonomy_base_538_766_prefix,766,taxonomy_base_538
taxonomy_base_538_767_prefix,767,taxonomy_base_538
taxonomy_base_538_768_prefix,768,taxonomy_base_538
taxonomy_base_538_769_prefix,769,taxonomy_base_538
taxonomy_base_538_7612_prefix,7612,taxonomy_base_538
taxonomy_base_538_7639_prefix,7639,taxonomy_base_538
taxonomy_base_539_764_prefix,764,taxonomy_base_539
taxonomy_base_539_765_prefix,765,taxonomy_base_539
taxonomy_base_539_766_prefix,766,taxonomy_base_539
taxonomy_base_539_767_prefix,767,taxonomy_base_539
taxonomy_base_539_768_prefix,768,taxonomy_base_539
taxonomy_base_539_769_prefix,769,taxonomy_base_539
taxonomy_base_539_7613_prefix,7613,taxonomy_base_539
taxonomy_base_539_7639_prefix,7639,taxonomy_base_539
taxonomy_base_540_764_prefix,764,taxonomy_base_540
taxonomy_base_540_765_prefix,765,taxonomy_base_540
taxonomy_base_540_766_prefix,766,taxonomy_base_540
taxonomy_base_540_767_prefix,767,taxonomy_base_540
taxonomy_base_540_768_prefix,768,taxonomy_base_540
taxonomy_base_540_769_prefix,769,taxonomy_base_540
taxonomy_base_540_7613_prefix,7613,taxonomy_base_540
taxonomy_base_540_7639_prefix,7639,taxonomy_base_540
taxonomy_base_541_764_prefix,764,taxonomy_base_541
taxonomy_base_541_765_prefix,765,taxonomy_base_541
taxonomy_base_541_766_prefix,766,taxonomy_base_541
taxonomy_base_541_767_prefix,767,taxonomy_base_541
taxonomy_base_541_768_prefix,768,taxonomy_base_541
taxonomy_base_541_769_prefix,769,taxonomy_base_541
taxonomy_base_541_7613_prefix,7613,taxonomy_base_541
taxonomy_base_541_7639_prefix,7639,taxonomy_base_541
taxonomy_base_542_764_prefix,764,taxonomy_base_542
taxonomy_base_542_765_prefix,765,taxonomy_base_542
taxonomy_base_542_766_prefix,766,taxonomy_base_542
taxonomy_base_542_767_prefix,767,taxonomy_base_542
taxonomy_base_542_768_prefix,768,taxonomy_base_542
taxonomy_base_542_769_prefix,769,taxonomy_base_542
taxonomy_base_542_7613_prefix,7613,taxonomy_base_542
taxonomy_base_542_7639_prefix,7639,taxonomy_base_542
taxonomy_base_543_764_prefix,764,taxonomy_base_543
taxonomy_base_543_765_prefix,765,taxonomy_base_543
taxonomy_base_543_766_prefix,766,taxonomy_base_543
taxonomy_base_543_767_prefix,767,taxonomy_base_543
taxonomy_base_543_768_prefix,768,taxonomy_base_543
taxonomy_base_543_769_prefix,769,taxonomy_base_543
taxonomy_base_543_7613_prefix,7613,taxonomy_base_543
taxonomy_base_543_7639_prefix,7639,taxonomy_base_543
taxonomy_base_544_764_prefix,764,taxonomy_base_544
taxonomy_base_544_765_prefix,765,taxonomy_base_544
taxonomy_base_544_766_prefix,766,taxonomy_base_544
taxonomy_base_544_767_prefix,767,taxonomy_base_544
taxonomy_base_544_768_prefix,768,taxonomy_base_544
taxonomy_base_544_769_prefix,769,taxonomy_base_544
taxonomy_base_544_7611_prefix,7611,taxonomy_base_544
taxonomy_base_544_7612_prefix,7612,taxonomy_base_544
taxonomy_base_544_7613_prefix,7613,taxonomy_base_544
taxonomy_base_544_7639_prefix,7639,taxonomy_base_544
taxonomy_base_545_764_prefix,764,taxonomy_base_545
taxonomy_base_545_765_prefix,765,taxonomy_base_545
taxonomy_base_545_766_prefix,766,taxonomy_base_545
taxonomy_base_545_767_prefix,767,taxonomy_base_545
taxonomy_base_545_768_prefix,768,taxonomy_base_545
taxonomy_base_545_769_prefix,769,taxonomy_base_545
taxonomy_base_545_7611_prefix,7611,taxonomy_base_545
taxonomy_base_545_7612_prefix,7612,taxonomy_base_545
taxonomy_base_545_7613_prefix,7613,taxonomy_base_545
taxonomy_base_545_7639_prefix,7639,taxonomy_base_545
taxonomy_base_546_764_prefix,764,taxonomy_base_546
taxonomy_base_546_765_prefix,765,taxonomy_base_546
taxonomy_base_546_766_prefix,766,taxonomy_base_546
taxonomy_base_546_767_prefix,767,taxonomy_base_546
taxonomy_base_546_768_prefix,768,taxonomy_base_546
taxonomy_base_546_769_prefix,769,taxonomy_base_546
taxonomy_base_546_7611_prefix,7611,taxonomy_base_546
taxonomy_base_546_7612_prefix,7612,taxonomy_base_546
taxonomy_base_546_7613_prefix,7613,taxonomy_base_546
taxonomy_base_546_7639_prefix,7639,taxonomy_base_546
taxonomy_base_547_764_prefix,764,taxonomy_base_547
taxonomy_base_547_765_prefix,765,taxonomy_base_547
taxonomy_base_547_766_prefix,766,taxonomy_base_547
taxonomy_base_547_767_prefix,767,taxonomy_base_547
taxonomy_base_547_768_prefix,768,taxonomy_base_547
taxonomy_base_547_769_prefix,769,taxonomy_base_547
taxonomy_base_547_7639_prefix,7639,taxonomy_base_547
taxonomy_base_547_76211_prefix,76211,taxonomy_base_547
taxonomy_base_548_764_prefix,764,taxonomy_base_548
taxonomy_base_548_765_prefix,765,taxonomy_base_548
taxonomy_base_548_766_prefix,766,taxonomy_base_548
taxonomy_base_548_767_prefix,767,taxonomy_base_548
taxonomy_base_548_768_prefix,768,taxonomy_base_548
taxonomy_base_548_769_prefix,769,taxonomy_base_548
taxonomy_base_548_7639_prefix,7639,taxonomy_base_548
taxonomy_base_548_76212_prefix,76212,taxonomy_base_548
taxonomy_base_549_764_prefix,764,taxonomy_base_549
taxonomy_base_549_765_prefix,765,taxonomy_base_549
taxonomy_base_549_766_prefix,766,taxonomy_base_549
taxonomy_base_549_767_prefix,767,taxonomy_base_549
taxonomy_base_549_768_prefix,768,taxonomy_base_549
taxonomy_base_549_769_prefix,769,taxonomy_base_549
taxonomy_base_549_7622_prefix,7622,taxonomy_base_549
taxonomy_base_549_7639_prefix,7639,taxonomy_base_549
taxonomy_base_550_764_prefix,764,taxonomy_base_550
taxonomy_base_550_765_prefix,765,taxonomy_base_550
taxonomy_base_550_766_prefix,766,taxonomy_base_550
taxonomy_base_550_767_prefix,767,taxonomy_base_550
taxonomy_base_550_768_prefix,768,taxonomy_base_550
taxonomy_base_550_769_prefix,769,taxonomy_base_550
taxonomy_base_550_7622_prefix,7622,taxonomy_base_550
taxonomy_base_550_7639_prefix,7639,taxonomy_base_550
taxonomy_base_551_764_prefix,764,taxonomy_base_551
taxonomy_base_551_765_prefix,765,taxonomy_base_551
taxonomy_base_551_766_prefix,766,taxonomy_base_551
taxonomy_base_551_767_prefix,767,taxonomy_base_551
taxonomy_base_551_768_prefix,768,taxonomy_base_551
taxonomy_base_551_769_prefix,769,taxonomy_base_551
taxonomy_base_551_7622_prefix,7622,taxonomy_base_551
taxonomy_base_551_7639_prefix,7639,taxonomy_base_551
taxonomy_base_552_764_prefix,764,taxonomy_base_552
taxonomy_base_552_765_prefix,765,taxonomy_base_552
taxonomy_base_552_766_prefix,766,taxonomy_base_552
taxonomy_base_552_767_prefix,767,taxonomy_base_552
taxonomy_base_552_768_prefix,768,taxonomy_base_552
taxonomy_base_552_769_prefix,769,taxonomy_base_552
taxonomy_base_552_7622_prefix,7622,taxonomy_base_552
taxonomy_base_552_7639_prefix,7639,taxonomy_base_552
taxonomy_base_553_764_prefix,764,taxonomy_base_553
taxonomy_base_553_765_prefix,765,taxonomy_base_553
taxonomy_base_553_766_prefix,766,taxonomy_base_553
taxonomy_base_553_767_prefix,767,taxonomy_base_553
taxonomy_base_553_768_prefix,768,taxonomy_base_553
taxonomy_base_553_769_prefix,769,taxonomy_base_553
taxonomy_base_553_7622_prefix,7622,taxonomy_base_553
taxonomy_base_553_7639_prefix,7639,taxonomy_base_553
taxonomy_base_554_764_prefix,764,taxonomy_base_554
taxonomy_base_554_765_prefix,765,taxonomy_base_554
taxonomy_base_554_766_prefix,766,taxonomy_base_554
taxonomy_base_554_767_prefix,767,taxonomy_base_554
taxonomy_base_554_768_prefix,768,taxonomy_base_554
taxonomy_base_554_769_prefix,769,taxonomy_base_554
taxonomy_base_554_7622_prefix,7622,taxonomy_base_554
taxonomy_base_554_7639_prefix,7639,taxonomy_base_554
taxonomy_base_555_764_prefix,764,taxonomy_base_555
taxonomy_base_555_765_prefix,765,taxonomy_base_555
taxonomy_base_555_766_prefix,766,taxonomy_base_555
taxonomy_base_555_767_prefix,767,taxonomy_base_555
taxonomy_base_555_768_prefix,768,taxonomy_base_555
taxonomy_base_555_769_prefix,769,taxonomy_base_555
taxonomy_base_555_7622_prefix,7622,taxonomy_base_555
taxonomy_base_555_7639_prefix,7639,taxonomy_base_555
taxonomy_base_556_764_prefix,764,taxonomy_base_556
taxonomy_base_556_765_prefix,765,taxonomy_base_556
taxonomy_base_556_766_prefix,766,taxonomy_base_556
taxonomy_base_556_767_prefix,767,taxonomy_base_556
taxonomy_base_556_768_prefix,768,taxonomy_base_556
taxonomy_base_556_769_prefix,769,taxonomy_base_556
taxonomy_base_556_7623_prefix,7623,taxonomy_base_556
taxonomy_base_556_7639_prefix,7639,taxonomy_base_556
taxonomy_base_557_764_prefix,764,taxonomy_base_557
taxonomy_base_557_765_prefix,765,taxonomy_base_557
taxonomy_base_557_766_prefix,766,taxonomy_base_557
taxonomy_base_557_767_prefix,767,taxonomy_base_557
taxonomy_base_557_768_prefix,768,taxonomy_base_557
taxonomy_base_557_769_prefix,769,taxonomy_base_557
taxonomy_base_557_7623_prefix,7623,taxonomy_base_557
taxonomy_base_557_7639_prefix,7639,taxonomy_base_557
taxonomy_base_558_764_prefix,764,taxonomy_base_558
taxonomy_base_558_765_prefix,765,taxonomy_base_558
taxonomy_base_558_766_prefix,766,taxonomy_base_558
taxonomy_base_558_767_prefix,767,taxonomy_base_558
taxonomy_base_558_768_prefix,768,taxonomy_base_558
taxonomy_base_558_769_prefix,769,taxonomy_base_558
taxonomy_base_558_7623_prefix,7623,taxonomy_base_558
taxonomy_base_558_7639_prefix,7639,taxonomy_base_558
taxonomy_base_559_764_prefix,764,taxonomy_base_559
taxonomy_base_559_765_prefix,765,taxonomy_base_559
taxonomy_base_559_766_prefix,766,taxonomy_base_559
taxonomy_base_559_767_prefix,767,taxonomy_base_559
taxonomy_base_559_768_prefix,768,taxonomy_base_559
taxonomy_base_559_769_prefix,769,taxonomy_base_559
taxonomy_base_559_7624_prefix,7624,taxonomy_base_559
taxonomy_base_559_7639_prefix,7639,taxonomy_base_559
taxonomy_base_560_764_prefix,764,taxonomy_base_560
taxonomy_base_560_765_prefix,765,taxonomy_base_560
taxonomy_base_560_766_prefix,766,taxonomy_base_560
taxonomy_base_560_767_prefix,767,taxonomy_base_560
taxonomy_base_560_768_prefix,768,taxonomy_base_560
taxonomy_base_560_769_prefix,769,taxonomy_base_560
taxonomy_base_560_7624_prefix,7624,taxonomy_base_560
taxonomy_base_560_7639_prefix,7639,taxonomy_base_560
taxonomy_base_561_764_prefix,764,taxonomy_base_561
taxonomy_base_561_765_prefix,765,taxonomy_base_561
taxonomy_base_561_766_prefix,766,taxonomy_base_561
taxonomy_base_561_767_prefix,767,taxonomy_base_561
taxonomy_base_561_768_prefix,768,taxonomy_base_561
taxonomy_base_561_769_prefix,769,taxonomy_base_561
taxonomy_base_561_7624_prefix,7624,taxonomy_base_561
taxonomy_base_561_7639_prefix,7639,taxonomy_base_561
taxonomy_base_562_764_prefix,764,taxonomy_base_562
taxonomy_base_562_765_prefix,765,taxonomy_base_562
taxonomy_base_562_766_prefix,766,taxonomy_base_562
taxonomy_base_562_767_prefix,767,taxonomy_base_562
taxonomy_base_562_768_prefix,768,taxonomy_base_562
taxonomy_base_562_769_prefix,769,taxonomy_base_562
taxonomy_base_562_7625_prefix,7625,taxonomy_base_562
taxonomy_base_562_7639_prefix,7639,taxonomy_base_562
taxonomy_base_563_764_prefix,764,taxonomy_base_563
taxonomy_base_563_765_prefix,765,taxonomy_base_563
taxonomy_base_563_766_prefix,766,taxonomy_base_563
taxonomy_base_563_767_prefix,767,taxonomy_base_563
taxonomy_base_563_768_prefix,768,taxonomy_base_563
taxonomy_base_563_769_prefix,769,taxonomy_base_563
taxonomy_base_563_7625_prefix,7625,taxonomy_base_563
taxonomy_base_563_7639_prefix,7639,taxonomy_base_563
taxonomy_base_564_764_prefix,764,taxonomy_base_564
taxonomy_base_564_765_prefix,765,taxonomy_base_564
taxonomy_base_564_766_prefix,766,taxonomy_base_564
taxonomy_base_564_767_prefix,767,taxonomy_base_564
taxonomy_base_564_768_prefix,768,taxonomy_base_564
taxonomy_base_564_769_prefix,769,taxonomy_base_564
taxonomy_base_564_7625_prefix,7625,taxonomy_base_564
taxonomy_base_564_7639_prefix,7639,taxonomy_base_564
taxonomy_base_565_764_prefix,764,taxonomy_base_565
taxonomy_base_565_765_prefix,765,taxonomy_base_565
taxonomy_base_565_766_prefix,766,taxonomy_base_565
taxonomy_base_565_767_prefix,767,taxonomy_base_565
taxonomy_base_565_768_prefix,768,taxonomy_base_565
taxonomy_base_565_769_prefix,769,taxonomy_base_565
taxonomy_base_565_7625_prefix,7625,taxonomy_base_565
taxonomy_base_565_7639_prefix,7639,taxonomy_base_565
taxonomy_base_566_764_prefix,764,taxonomy_base_566
taxonomy_base_566_765_prefix,765,taxonomy_base_566
taxonomy_base_566_766_prefix,766,taxonomy_base_566
taxonomy_base_566_767_prefix,767,taxonomy_base_566
taxonomy_base_566_768_prefix,768,taxonomy_base_566
taxonomy_base_566_769_prefix,769,taxonomy_base_566
taxonomy_base_566_7625_prefix,7625,taxonomy_base_566
taxonomy_base_566_7639_prefix,7639,taxonomy_base_566
taxonomy_base_567_764_prefix,764,taxonomy_base_567
taxonomy_base_567_765_prefix,765,taxonomy_base_567
taxonomy_base_567_766_prefix,766,taxonomy_base_567
taxonomy_base_567_767_prefix,767,taxonomy_base_567
taxonomy_base_567_768_prefix,768,taxonomy_base_567
taxonomy_base_567_769_prefix,769,taxonomy_base_567
taxonomy_base_567_7625_prefix,7625,taxonomy_base_567
taxonomy_base_567_7639_prefix,7639,taxonomy_base_567
taxonomy_base_568_764_prefix,764,taxonomy_base_568
taxonomy_base_568_765_prefix,765,taxonomy_base_568
taxonomy_base_568_766_prefix,766,taxonomy_base_568
taxonomy_base_568_767_prefix,767,taxonomy_base_568
taxonomy_base_568_768_prefix,768,taxonomy_base_568
taxonomy_base_568_769_prefix,769,taxonomy_base_568
taxonomy_base_568_7625_prefix,7625,taxonomy_base_568
taxonomy_base_568_7639_prefix,7639,taxonomy_base_568
taxonomy_base_569_764_prefix,764,taxonomy_base_569
taxonomy_base_569_765_prefix,765,taxonomy_base_569
taxonomy_base_569_766_prefix,766,taxonomy_base_569
taxonomy_base_569_767_prefix,767,taxonomy_base_569
taxonomy_base_569_768_prefix,768,taxonomy_base_569
taxonomy_base_569_769_prefix,769,taxonomy_base_569
taxonomy_base_569_7626_prefix,7626,taxonomy_base_569
taxonomy_base_569_7639_prefix,7639,taxonomy_base_569
taxonomy_base_570_764_prefix,764,taxonomy_base_570
taxonomy_base_570_765_prefix,765,taxonomy_base_570
taxonomy_base_570_766_prefix,766,taxonomy_base_570
taxonomy_base_570_767_prefix,767,taxonomy_base_570
taxonomy_base_570_768_prefix,768,taxonomy_base_570
taxonomy_base_570_769_prefix,769,taxonomy_base_570
taxonomy_base_570_7626_prefix,7626,taxonomy_base_570
taxonomy_base_570_7639_prefix,7639,taxonomy_base_570
taxonomy_base_571_764_prefix,764,taxonomy_base_571
taxonomy_base_571_765_prefix,765,taxonomy_base_571
taxonomy_base_571_766_prefix,766,taxonomy_base_571
taxonomy_base_571_767_prefix,767,taxonomy_base_571
taxonomy_base_571_768_prefix,768,taxonomy_base_571
taxonomy_base_571_769_prefix,769,taxonomy_base_571
taxonomy_base_571_7626_prefix,7626,taxonomy_base_571
taxonomy_base_571_7639_prefix,7639,taxonomy_base_571
taxonomy_base_572_764_prefix,764,taxonomy_base_572
taxonomy_base_572_765_prefix,765,taxonomy_base_572
taxonomy_base_572_766_prefix,766,taxonomy_base_572
taxonomy_base_572_767_prefix,767,taxonomy_base_572
taxonomy_base_572_768_prefix,768,taxonomy_base_572
taxonomy_base_572_769_prefix,769,taxonomy_base_572
taxonomy_base_572_7626_prefix,7626,taxonomy_base_572
taxonomy_base_572_7639_prefix,7639,taxonomy_base_572
taxonomy_base_573_764_prefix,764,taxonomy_base_573
taxonomy_base_573_765_prefix,765,taxonomy_base_573
taxonomy_base_573_766_prefix,766,taxonomy_base_573
taxonomy_base_573_767_prefix,767,taxonomy_base_573
taxonomy_base_573_768_prefix,768,taxonomy_base_573
taxonomy_base_573_769_prefix,769,taxonomy_base_573
taxonomy_base_573_7627_prefix,7627,taxonomy_base_573
taxonomy_base_573_7639_prefix,7639,taxonomy_base_573
taxonomy_base_574_764_prefix,764,taxonomy_base_574
taxonomy_base_574_765_prefix,765,taxonomy_base_574
taxonomy_base_574_766_prefix,766,taxonomy_base_574
taxonomy_base_574_767_prefix,767,taxonomy_base_574
taxonomy_base_574_768_prefix,768,taxonomy_base_574
taxonomy_base_574_769_prefix,769,taxonomy_base_574
taxonomy_base_574_7627_prefix,7627,taxonomy_base_574
taxonomy_base_574_7639_prefix,7639,taxonomy_base_574
taxonomy_base_575_764_prefix,764,taxonomy_base_575
taxonomy_base_575_765_prefix,765,taxonomy_base_575
taxonomy_base_575_766_prefix,766,taxonomy_base_575
taxonomy_base_575_767_prefix,767,taxonomy_base_575
taxonomy_base_575_768_prefix,768,taxonomy_base_575
taxonomy_base_575_769_prefix,769,taxonomy_base_575
taxonomy_base_575_7627_prefix,7627,taxonomy_base_575
taxonomy_base_575_7639_prefix,7639,taxonomy_base_575
taxonomy_base_576_764_prefix,764,taxonomy_base_576
taxonomy_base_576_765_prefix,765,taxonomy_base_576
taxonomy_base_576_766_prefix,766,taxonomy_base_576
taxonomy_base_576_767_prefix,767,taxonomy_base_576
taxonomy_base_576_768_prefix,768,taxonomy_base_576
taxonomy_base_576_769_prefix,769,taxonomy_base_576
taxonomy_base_576_7627_prefix,7627,taxonomy_base_576
taxonomy_base_576_7639_prefix,7639,taxonomy_base_576
taxonomy_base_577_764_prefix,764,taxonomy_base_577
taxonomy_base_577_765_prefix,765,taxonomy_base_577
taxonomy_base_577_766_prefix,766,taxonomy_base_577
taxonomy_base_577_767_prefix,767,taxonomy_base_577
taxonomy_base_577_768_prefix,768,taxonomy_base_577
taxonomy_base_577_769_prefix,769,taxonomy_base_577
taxonomy_base_577_7627_prefix,7627,taxonomy_base_577
taxonomy_base_577_7639_prefix,7639,taxonomy_base_577
taxonomy_base_578_764_prefix,764,taxonomy_base_578
taxonomy_base_578_765_prefix,765,taxonomy_base_578
taxonomy_base_578_766_prefix,766,taxonomy_base_578
taxonomy_base_578_767_prefix,767,taxonomy_base_578
taxonomy_base_578_768_prefix,768,taxonomy_base_578
taxonomy_base_578_769_prefix,769,taxonomy_base_578
taxonomy_base_578_7627_prefix,7627,taxonomy_base_578
taxonomy_base_578_7639_prefix,7639,taxonomy_base_578
taxonomy_base_579_764_prefix,764,taxonomy_base_579
taxonomy_base_579_765_prefix,765,taxonomy_base_579
taxonomy_base_579_766_prefix,766,taxonomy_base_579
taxonomy_base_579_767_prefix,767,taxonomy_base_579
taxonomy_base_579_768_prefix,768,taxonomy_base_579
taxonomy_base_579_769_prefix,769,taxonomy_base_579
taxonomy_base_579_7627_prefix,7627,taxonomy_base_579
taxonomy_base_579_7639_prefix,7639,taxonomy_base_579
taxonomy_base_580_764_prefix,764,taxonomy_base_580
taxonomy_base_580_765_prefix,765,taxonomy_base_580
taxonomy_base_580_766_prefix,766,taxonomy_base_580
taxonomy_base_580_767_prefix,767,taxonomy_base_580
taxonomy_base_580_768_prefix,768,taxonomy_base_580
taxonomy_base_580_769_prefix,769,taxonomy_base_580
taxonomy_base_580_7627_prefix,7627,taxonomy_base_580
taxonomy_base_580_7639_prefix,7639,taxonomy_base_580
taxonomy_base_581_764_prefix,764,taxonomy_base_581
taxonomy_base_581_765_prefix,765,taxonomy_base_581
taxonomy_base_581_766_prefix,766,taxonomy_base_581
taxonomy_base_581_767_prefix,767,taxonomy_base_581
taxonomy_base_581_768_prefix,768,taxonomy_base_581
taxonomy_base_581_769_prefix,769,taxonomy_base_581
taxonomy_base_581_7628_prefix,7628,taxonomy_base_581
taxonomy_base_581_7639_prefix,7639,taxonomy_base_581
taxonomy_base_582_764_prefix,764,taxonomy_base_582
taxonomy_base_582_765_prefix,765,taxonomy_base_582
taxonomy_base_582_766_prefix,766,taxonomy_base_582
taxonomy_base_582_767_prefix,767,taxonomy_base_582
taxonomy_base_582_768_prefix,768,taxonomy_base_582
taxonomy_base_582_769_prefix,769,taxonomy_base_582
taxonomy_base_582_7628_prefix,7628,taxonomy_base_582
taxonomy_base_582_7639_prefix,7639,taxonomy_base_582
taxonomy_base_583_764_prefix,764,taxonomy_base_583
taxonomy_base_583_765_prefix,765,taxonomy_base_583
taxonomy_base_583_766_prefix,766,taxonomy_base_583
taxonomy_base_583_767_prefix,767,taxonomy_base_583
taxonomy_base_583_768_prefix,768,taxonomy_base_583
taxonomy_base_583_769_prefix,769,taxonomy_base_583
taxonomy_base_583_7628_prefix,7628,taxonomy_base_583
taxonomy_base_583_7639_prefix,7639,taxonomy_base_583
taxonomy_base_584_764_prefix,764,taxonomy_base_584
taxonomy_base_584_765_prefix,765,taxonomy_base_584
taxonomy_base_584_766_prefix,766,taxonomy_base_584
taxonomy_base_584_767_prefix,767,taxonomy_base_584
taxonomy_base_584_768_prefix,768,taxonomy_base_584
taxonomy_base_584_769_prefix,769,taxonomy_base_584
taxonomy_base_584_7628_prefix,7628,taxonomy_base_584
taxonomy_base_584_7639_prefix,7639,taxonomy_base_584
taxonomy_base_585_764_prefix,764,taxonomy_base_585
taxonomy_base_585_765_prefix,765,taxonomy_base_585
taxonomy_base_585_766_prefix,766,taxonomy_base_585
taxonomy_base_585_767_prefix,767,taxonomy_base_585
taxonomy_base_585_768_prefix,768,taxonomy_base_585
taxonomy_base_585_769_prefix,769,taxonomy_base_585
taxonomy_base_585_7628_prefix,7628,taxonomy_base_585
taxonomy_base_585_7639_prefix,7639,taxonomy_base_585
taxonomy_base_586_764_prefix,764,taxonomy_base_586
taxonomy_base_586_765_prefix,765,taxonomy_base_586
taxonomy_base_586_766_prefix,766,taxonomy_base_586
taxonomy_base_586_767_prefix,767,taxonomy_base_586
taxonomy_base_586_768_prefix,768,taxonomy_base_586
taxonomy_base_586_769_prefix,769,taxonomy_base_586
taxonomy_base_586_7631_prefix,7631,taxonomy_base_586
taxonomy_base_586_7639_prefix,7639,taxonomy_base_586
taxonomy_base_587_764_prefix,764,taxonomy_base_587
taxonomy_base_587_765_prefix,765,taxonomy_base_587
taxonomy_base_587_766_prefix,766,taxonomy_base_587
taxonomy_base_587_767_prefix,767,taxonomy_base_587
taxonomy_base_587_768_prefix,768,taxonomy_base_587
taxonomy_base_587_769_prefix,769,taxonomy_base_587
taxonomy_base_587_7632_prefix,7632,taxonomy_base_587
taxonomy_base_587_7639_prefix,7639,taxonomy_base_587
taxonomy_base_588_764_prefix,764,taxonomy_base_588
taxonomy_base_588_765_prefix,765,taxonomy_base_588
taxonomy_base_588_766_prefix,766,taxonomy_base_588
taxonomy_base_588_767_prefix,767,taxonomy_base_588
taxonomy_base_588_768_prefix,768,taxonomy_base_588
taxonomy_base_588_769_prefix,769,taxonomy_base_588
taxonomy_base_588_7633_prefix,7633,taxonomy_base_588
taxonomy_base_588_7639_prefix,7639,taxonomy_base_588
taxonomy_base_589_764_prefix,764,taxonomy_base_589
taxonomy_base_589_765_prefix,765,taxonomy_base_589
taxonomy_base_589_766_prefix,766,taxonomy_base_589
taxonomy_base_589_767_prefix,767,taxonomy_base_589
taxonomy_base_589_768_prefix,768,taxonomy_base_589
taxonomy_base_589_769_prefix,769,taxonomy_base_589
taxonomy_base_589_7634_prefix,7634,taxonomy_base_589
taxonomy_base_589_7639_prefix,7639,taxonomy_base_589
taxonomy_base_590_764_prefix,764,taxonomy_base_590
taxonomy_base_590_765_prefix,765,taxonomy_base_590
taxonomy_base_590_766_prefix,766,taxonomy_base_590
taxonomy_base_590_767_prefix,767,taxonomy_base_590
taxonomy_base_590_768_prefix,768,taxonomy_base_590
taxonomy_base_590_769_prefix,769,taxonomy_base_590
taxonomy_base_590_7635_prefix,7635,taxonomy_base_590
taxonomy_base_590_7639_prefix,7639,taxonomy_base_590
taxonomy_base_591_764_prefix,764,taxonomy_base_591
taxonomy_base_591_765_prefix,765,taxonomy_base_591
taxonomy_base_591_766_prefix,766,taxonomy_base_591
taxonomy_base_591_767_prefix,767,taxonomy_base_591
taxonomy_base_591_768_prefix,768,taxonomy_base_591
taxonomy_base_591_769_prefix,769,taxonomy_base_591
taxonomy_base_591_7636_prefix,7636,taxonomy_base_591
taxonomy_base_591_7639_prefix,7639,taxonomy_base_591
taxonomy_base_592_764_prefix,764,taxonomy_base_592
taxonomy_base_592_765_prefix,765,taxonomy_base_592
taxonomy_base_592_766_prefix,766,taxonomy_base_592
taxonomy_base_592_767_prefix,767,taxonomy_base_592
taxonomy_base_592_768_prefix,768,taxonomy_base_592
taxonomy_base_592_769_prefix,769,taxonomy_base_592
taxonomy_base_592_7637_prefix,7637,taxonomy_base_592
taxonomy_base_592_7639_prefix,7639,taxonomy_base_592
taxonomy_base_593_764_prefix,764,taxonomy_base_593
taxonomy_base_593_765_prefix,765,taxonomy_base_593
taxonomy_base_593_766_prefix,766,taxonomy_base_593
taxonomy_base_593_767_prefix,767,taxonomy_base_593
taxonomy_base_593_768_prefix,768,taxonomy_base_593
taxonomy_base_593_769_prefix,769,taxonomy_base_593
taxonomy_base_593_7638_prefix,7638,taxonomy_base_593
taxonomy_base_593_7639_prefix,7639,taxonomy_base_593
taxonomy_base_594_771_prefix,771,taxonomy_base_594
taxonomy_base_595_772_prefix,772,taxonomy_base_595
taxonomy_base_596_772_prefix,772,taxonomy_base_596
taxonomy_base_597_773_prefix,773,taxonomy_base_597
taxonomy_base_598_773_prefix,773,taxonomy_base_598
taxonomy_base_599_773_prefix,773,taxonomy_base_599
taxonomy_base_600_773_prefix,773,taxonomy_base_600
taxonomy_base_601_774_prefix,774,taxonomy_base_601
taxonomy_base_602_774_prefix,774,taxonomy_base_602
taxonomy_base_603_7811_prefix,7811,taxonomy_base_603
taxonomy_base_604_7812_prefix,7812,taxonomy_base_604
taxonomy_base_605_7813_prefix,7813,taxonomy_base_605
taxonomy_base_606_7814_prefix,7814,taxonomy_base_606
taxonomy_base_607_7815_prefix,7815,taxonomy_base_607
taxonomy_base_608_7816_prefix,7816,taxonomy_base_608
taxonomy_base_609_782_prefix,782,taxonomy_base_609
taxonomy_base_610_783_prefix,783,taxonomy_base_610
taxonomy_base_611_7841_prefix,7841,taxonomy_base_611
taxonomy_base_612_7842_prefix,7842,taxonomy_base_612
taxonomy_base_613_7843_prefix,7843,taxonomy_base_613
taxonomy_base_613_7844_prefix,7844,taxonomy_base_613
taxonomy_base_613_7845_prefix,7845,taxonomy_base_613
taxonomy_base_613_7846_prefix,7846,taxonomy_base_613
taxonomy_base_613_7847_prefix,7847,taxonomy_base_613
taxonomy_base_613_7848_prefix,7848,taxonomy_base_613
taxonomy_base_614_7851_prefix,7851,taxonomy_base_614
taxonomy_base_615_7852_prefix,7852,taxonomy_base_615
taxonomy_base_616_7853_prefix,7853,taxonomy_base_616
taxonomy_base_616_7854_prefix,7854,taxonomy_base_616
taxonomy_base_616_7855_prefix,7855,taxonomy_base_616
taxonomy_base_616_7856_prefix,7856,taxonomy_base_616
taxonomy_base_616_7857_prefix,7857,taxonomy_base_616
taxonomy_base_616_7858_prefix,7858,taxonomy_base_616
taxonomy_base_617_7861_prefix,7861,taxonomy_base_617
taxonomy_base_618_7862_prefix,7862,taxonomy_base_618
taxonomy_base_619_7863_prefix,7863,taxonomy_base_619
taxonomy_base_619_7864_prefix,7864,taxonomy_base_619
taxonomy_base_619_7865_prefix,7865,taxonomy_base_619
taxonomy_base_619_7866_prefix,7866,taxonomy_base_619
taxonomy_base_619_7867_prefix,7867,taxonomy_base_619
taxonomy_base_619_7868_prefix,7868,taxonomy_base_619
taxonomy_base_620_7871_prefix,7871,taxonomy_base_620
taxonomy_base_621_7872_prefix,7872,taxonomy_base_621
taxonomy_base_622_7873_prefix,7873,taxonomy_base_622
taxonomy_base_623_7874_prefix,7874,taxonomy_base_623
taxonomy_base_623_7875_prefix,7875,taxonomy_base_623
taxonomy_base_623_7876_prefix,7876,taxonomy_base_623
taxonomy_base_623_7877_prefix,7877,taxonomy_base_623
taxonomy_base_623_7878_prefix,7878,taxonomy_base_623
taxonomy_base_624_7881_prefix,7881,taxonomy_base_624
taxonomy_base_625_7882_prefix,7882,taxonomy_base_625
taxonomy_base_626_7883_prefix,7883,taxonomy_base_626
taxonomy_base_627_7884_prefix,7884,taxonomy_base_627
taxonomy_base_628_7885_prefix,7885,taxonomy_base_628
taxonomy_base_629_7887_prefix,7887,taxonomy_base_629
taxonomy_base_630_7886_prefix,7886,taxonomy_base_630
taxonomy_base_630_7888_prefix,7888,taxonomy_base_630
taxonomy_base_631_7911_prefix,7911,taxonomy_base_631
taxonomy_base_632_7912_prefix,7912,taxonomy_base_632
taxonomy_base_633_7913_prefix,7913,taxonomy_base_633
taxonomy_base_634_7914_prefix,7914,taxonomy_base_634
taxonomy_base_635_7915_prefix,7915,taxonomy_base_635
taxonomy_base_636_7916_prefix,7916,taxonomy_base_636
taxonomy_base_636_7917_prefix,7917,taxonomy_base_636
taxonomy_base_636_7918_prefix,7918,taxonomy_base_636
taxonomy_base_637_7921_prefix,7921,taxonomy_base_637
taxonomy_base_638_7922_prefix,7922,taxonomy_base_638
taxonomy_base_639_7923_prefix,7923,taxonomy_base_639
taxonomy_base_640_7924_prefix,7924,taxonomy_base_640
taxonomy_base_640_7925_prefix,7925,taxonomy_base_640
taxonomy_base_640_7926_prefix,7926,taxonomy_base_640
taxonomy_base_640_7927_prefix,7927,taxonomy_base_640
taxonomy_base_640_7928_prefix,7928,taxonomy_base_640
taxonomy_base_641_793_prefix,793,taxonomy_base_641
taxonomy_base_642_794_prefix,794,taxonomy_base_642
taxonomy_base_642_795_prefix,795,taxonomy_base_642
taxonomy_base_642_796_prefix,796,taxonomy_base_642
taxonomy_base_642_797_prefix,797,taxonomy_base_642
taxonomy_base_642_798_prefix,798,taxonomy_base_642
taxonomy_base_642_799_prefix,799,taxonomy_base_642
taxonomy_base_643_82_prefix,82,taxonomy_base_643
taxonomy_base_643_83_prefix,83,taxonomy_base_643
taxonomy_base_643_84_prefix,84,taxonomy_base_643
taxonomy_base_643_85_prefix,85,taxonomy_base_643
taxonomy_base_643_86_prefix,86,taxonomy_base_643
taxonomy_base_643_87_prefix,87,taxonomy_base_643
taxonomy_base_643_88_prefix,88,taxonomy_base_643
taxonomy_base_643_811_prefix,811,taxonomy_base_643
taxonomy_base_643_813_prefix,813,taxonomy_base_643
taxonomy_base_643_814_prefix,814,taxonomy_base_643
taxonomy_base_643_815_prefix,815,taxonomy_base_643
taxonomy_base_643_816_prefix,816,taxonomy_base_643
taxonomy_base_643_817_prefix,817,taxonomy_base_643
taxonomy_base_643_819_prefix,819,taxonomy_base_643
taxonomy_base_643_8123_prefix,8123,taxonomy_base_643
taxonomy_base_643_8124_prefix,8124,taxonomy_base_643
taxonomy_base_643_8125_prefix,8125,taxonomy_base_643
taxonomy_base_643_8126_prefix,8126,taxonomy_base_643
taxonomy_base_643_8127_prefix,8127,taxonomy_base_643
taxonomy_base_643_8128_prefix,8128,taxonomy_base_643
taxonomy_base_643_8129_prefix,8129,taxonomy_base_643
taxonomy_base_644_82_prefix,82,taxonomy_base_644
taxonomy_base_644_83_prefix,83,taxonomy_base_644
taxonomy_base_644_84_prefix,84,taxonomy_base_644
taxonomy_base_644_85_prefix,85,taxonomy_base_644
taxonomy_base_644_86_prefix,86,taxonomy_base_644
taxonomy_base_644_87_prefix,87,taxonomy_base_644
taxonomy_base_644_88_prefix,88,taxonomy_base_644
taxonomy_base_644_813_prefix,813,taxonomy_base_644
taxonomy_base_644_814_prefix,814,taxonomy_base_644
taxonomy_base_644_815_prefix,815,taxonomy_base_644
taxonomy_base_644_816_prefix,816,taxonomy_base_644
taxonomy_base_644_817_prefix,817,taxonomy_base_644
taxonomy_base_644_819_prefix,819,taxonomy_base_644
taxonomy_base_644_8121_prefix,8121,taxonomy_base_644
taxonomy_base_644_8123_prefix,8123,taxonomy_base_644
taxonomy_base_644_8124_prefix,8124,taxonomy_base_644
taxonomy_base_644_8125_prefix,8125,taxonomy_base_644
taxonomy_base_644_8126_prefix,8126,taxonomy_base_644
taxonomy_base_644_8127_prefix,8127,taxonomy_base_644
taxonomy_base_644_8128_prefix,8128,taxonomy_base_644
taxonomy_base_644_8129_prefix,8129,taxonomy_base_644
taxonomy_base_645_82_prefix,82,taxonomy_base_645
taxonomy_base_645_83_prefix,83,taxonomy_base_645
taxonomy_base_645_84_prefix,84,taxonomy_base_645
taxonomy_base_645_85_prefix,85,taxonomy_base_645
taxonomy_base_645_86_prefix,86,taxonomy_base_645
taxonomy_base_645_87_prefix,87,taxonomy_base_645
taxonomy_base_645_88_prefix,88,taxonomy_base_645
taxonomy_base_645_813_prefix,813,taxonomy_base_645
taxonomy_base_645_814_prefix,814,taxonomy_base_645
taxonomy_base_645_815_prefix,815,taxonomy_base_645
taxonomy_base_645_816_prefix,816,taxonomy_base_645
taxonomy_base_645_817_prefix,817,taxonomy_base_645
taxonomy_base_645_819_prefix,819,taxonomy_base_645
taxonomy_base_645_8122_prefix,8122,taxonomy_base_645
taxonomy_base_645_8123_prefix,8123,taxonomy_base_645
taxonomy_base_645_8124_prefix,8124,taxonomy_base_645
taxonomy_base_645_8125_prefix,8125,taxonomy_base_645
taxonomy_base_645_8126_prefix,8126,taxonomy_base_645
taxonomy_base_645_8127_prefix,8127,taxonomy_base_645
taxonomy_base_645_8128_prefix,8128,taxonomy_base_645
taxonomy_base_645_8129_prefix,8129,taxonomy_base_645
taxonomy_base_646_82_prefix,82,taxonomy_base_646
taxonomy_base_646_83_prefix,83,taxonomy_base_646
taxonomy_base_646_84_prefix,84,taxonomy_base_646
taxonomy_base_646_85_prefix,85,taxonomy_base_646
taxonomy_base_646_86_prefix,86,taxonomy_base_646
taxonomy_base_646_87_prefix,87,taxonomy_base_646
taxonomy_base_646_88_prefix,88,taxonomy_base_646
taxonomy_base_646_813_prefix,813,taxonomy_base_646
taxonomy_base_646_814_prefix,814,taxonomy_base_646
taxonomy_base_646_815_prefix,815,taxonomy_base_646
taxonomy_base_646_816_prefix,816,taxonomy_base_646
taxonomy_base_646_817_prefix,817,taxonomy_base_646
taxonomy_base_646_818_prefix,818,taxonomy_base_646
taxonomy_base_646_819_prefix,819,taxonomy_base_646
taxonomy_base_646_8123_prefix,8123,taxonomy_base_646
taxonomy_base_646_8124_prefix,8124,taxonomy_base_646
taxonomy_base_646_8125_prefix,8125,taxonomy_base_646
taxonomy_base_646_8126_prefix,8126,taxonomy_base_646
taxonomy_base_646_8127_prefix,8127,taxonomy_base_646
taxonomy_base_646_8128_prefix,8128,taxonomy_base_646
taxonomy_base_646_8129_prefix,8129,taxonomy_base_646
taxonomy_base_647_82_prefix,82,taxonomy_base_647
taxonomy_base_647_83_prefix,83,taxonomy_base_647
taxonomy_base_647_84_prefix,84,taxonomy_base_647
taxonomy_base_647_85_prefix,85,taxonomy_base_647
taxonomy_base_647_86_prefix,86,taxonomy_base_647
taxonomy_base_647_87_prefix,87,taxonomy_base_647
taxonomy_base_647_88_prefix,88,taxonomy_base_647
taxonomy_base_647_89_prefix,89,taxonomy_base_647
taxonomy_base_647_813_prefix,813,taxonomy_base_647
taxonomy_base_647_814_prefix,814,taxonomy_base_647
taxonomy_base_647_815_prefix,815,taxonomy_base_647
taxonomy_base_647_816_prefix,816,taxonomy_base_647
taxonomy_base_647_817_prefix,817,taxonomy_base_647
taxonomy_base_647_819_prefix,819,taxonomy_base_647
taxonomy_base_647_8123_prefix,8123,taxonomy_base_647
taxonomy_base_647_8124_prefix,8124,taxonomy_base_647
taxonomy_base_647_8125_prefix,8125,taxonomy_base_647
taxonomy_base_647_8126_prefix,8126,taxonomy_base_647
taxonomy_base_647_8127_prefix,8127,taxonomy_base_647
taxonomy_base_647_8128_prefix,8128,taxonomy_base_647
taxonomy_base_647_8129_prefix,8129,taxonomy_base_647
taxonomy_micro_1_11_prefix,11,taxonomy_micro_1
taxonomy_micro_2_12_prefix,12,taxonomy_micro_2
taxonomy_micro_3_13_prefix,13,taxonomy_micro_3
taxonomy_micro_4_14_prefix,14,taxonomy_micro_4
taxonomy_micro_5_211_prefix,211,taxonomy_micro_5
taxonomy_micro_6_212_prefix,212,taxonomy_micro_6
taxonomy_micro_7_213_prefix,213,taxonomy_micro_7
taxonomy_micro_7_214_prefix,214,taxonomy_micro_7
taxonomy_micro_7_215_prefix,215,taxonomy_micro_7
taxonomy_micro_7_216_prefix,216,taxonomy_micro_7
taxonomy_micro_7_217_prefix,217,taxonomy_micro_7
taxonomy_micro_8_218_prefix,218,taxonomy_micro_8
taxonomy_micro_9_219_prefix,219,taxonomy_micro_9
taxonomy_micro_10_219_prefix,219,taxonomy_micro_10
taxonomy_micro_11_219_prefix,219,taxonomy_micro_11
taxonomy_micro_12_221_prefix,221,taxonomy_micro_12
taxonomy_micro_13_222_prefix,222,taxonomy_micro_13
taxonomy_micro_14_223_prefix,223,taxonomy_micro_14
taxonomy_micro_14_224_prefix,224,taxonomy_micro_14
taxonomy_micro_14_226_prefix,226,taxonomy_micro_14
taxonomy_micro_14_227_prefix,227,taxonomy_micro_14
taxonomy_micro_15_225_prefix,225,taxonomy_micro_15
taxonomy_micro_16_228_prefix,228,taxonomy_micro_16
taxonomy_micro_17_229_prefix,229,taxonomy_micro_17
taxonomy_micro_18_2311_prefix,2311,taxonomy_micro_18
taxonomy_micro_19_2312_prefix,2312,taxonomy_micro_19
taxonomy_micro_20_2321_prefix,2321,taxonomy_micro_20
taxonomy_micro_21_2322_prefix,2322,taxonomy_micro_21
taxonomy_micro_22_233_prefix,233,taxonomy_micro_22
taxonomy_micro_22_234_prefix,234,taxonomy_micro_22
taxonomy_micro_22_235_prefix,235,taxonomy_micro_22
taxonomy_micro_22_236_prefix,236,taxonomy_micro_22
taxonomy_micro_22_2381_prefix,2381,taxonomy_micro_22
taxonomy_micro_23_233_prefix,233,taxonomy_micro_23
taxonomy_micro_23_234_prefix,234,taxonomy_micro_23
taxonomy_micro_23_235_prefix,235,taxonomy_micro_23
taxonomy_micro_23_236_prefix,236,taxonomy_micro_23
taxonomy_micro_23_2381_prefix,2381,taxonomy_micro_23
taxonomy_micro_24_233_prefix,233,taxonomy_micro_24
taxonomy_micro_24_234_prefix,234,taxonomy_micro_24
taxonomy_micro_24_235_prefix,235,taxonomy_micro_24
taxonomy_micro_24_236_prefix,236,taxonomy_micro_24
taxonomy_micro_24_2382_prefix,2382,taxonomy_micro_24
taxonomy_micro_25_233_prefix,233,taxonomy_micro_25
taxonomy_micro_25_234_prefix,234,taxonomy_micro_25
taxonomy_micro_25_235_prefix,235,taxonomy_micro_25
taxonomy_micro_25_236_prefix,236,taxonomy_micro_25
taxonomy_micro_25_2382_prefix,2382,taxonomy_micro_25
taxonomy_micro_26_239_prefix,239,taxonomy_micro_26
taxonomy_micro_27_239_prefix,239,taxonomy_micro_27
taxonomy_micro_28_239_prefix,239,taxonomy_micro_28
taxonomy_micro_29_239_prefix,239,taxonomy_micro_29
taxonomy_micro_30_239_prefix,239,taxonomy_micro_30
taxonomy_micro_31_239_prefix,239,taxonomy_micro_31
taxonomy_micro_32_241_prefix,241,taxonomy_micro_32
taxonomy_micro_33_242_prefix,242,taxonomy_micro_33
taxonomy_micro_34_2431_prefix,2431,taxonomy_micro_34
taxonomy_micro_35_2432_prefix,2432,taxonomy_micro_35
taxonomy_micro_36_2433_prefix,2433,taxonomy_micro_36
taxonomy_micro_37_2434_prefix,2434,taxonomy_micro_37
taxonomy_micro_38_2435_prefix,2435,taxonomy_micro_38
taxonomy_micro_39_2436_prefix,2436,taxonomy_micro_39
taxonomy_micro_40_2437_prefix,2437,taxonomy_micro_40
taxonomy_micro_41_2438_prefix,2438,taxonomy_micro_41
taxonomy_micro_42_2439_prefix,2439,taxonomy_micro_42
taxonomy_micro_43_244_prefix,244,taxonomy_micro_43
taxonomy_micro_44_245_prefix,245,taxonomy_micro_44
taxonomy_micro_45_246_prefix,246,taxonomy_micro_45
taxonomy_micro_46_247_prefix,247,taxonomy_micro_46
taxonomy_micro_46_248_prefix,248,taxonomy_micro_46
taxonomy_micro_47_2511_prefix,2511,taxonomy_micro_47
taxonomy_micro_48_2511_prefix,2511,taxonomy_micro_48
taxonomy_micro_49_2512_prefix,2512,taxonomy_micro_49
taxonomy_micro_50_2512_prefix,2512,taxonomy_micro_50
taxonomy_micro_51_2513_prefix,2513,taxonomy_micro_51
taxonomy_micro_52_2513_prefix,2513,taxonomy_micro_52
taxonomy_micro_53_2514_prefix,2514,taxonomy_micro_53
taxonomy_micro_53_2515_prefix,2515,taxonomy_micro_53
taxonomy_micro_53_2516_prefix,2516,taxonomy_micro_53
taxonomy_micro_53_2517_prefix,2517,taxonomy_micro_53
taxonomy_micro_53_2518_prefix,2518,taxonomy_micro_53
taxonomy_micro_53_2519_prefix,2519,taxonomy_micro_53
taxonomy_micro_54_2514_prefix,2514,taxonomy_micro_54
taxonomy_micro_54_2515_prefix,2515,taxonomy_micro_54
taxonomy_micro_54_2516_prefix,2516,taxonomy_micro_54
taxonomy_micro_54_2517_prefix,2517,taxonomy_micro_54
taxonomy_micro_54_2518_prefix,2518,taxonomy_micro_54
taxonomy_micro_54_2519_prefix,2519,taxonomy_micro_54
taxonomy_micro_55_255_prefix,255,taxonomy_micro_55
taxonomy_micro_55_256_prefix,256,taxonomy_micro_55
taxonomy_micro_55_257_prefix,257,taxonomy_micro_55
taxonomy_micro_55_258_prefix,258,taxonomy_micro_55
taxonomy_micro_56_255_prefix,255,taxonomy_micro_56
taxonomy_micro_56_256_prefix,256,taxonomy_micro_56
taxonomy_micro_56_257_prefix,257,taxonomy_micro_56
taxonomy_micro_56_258_prefix,258,taxonomy_micro_56
taxonomy_micro_57_262_prefix,262,taxonomy_micro_57
taxonomy_micro_58_263_prefix,263,taxonomy_micro_58
taxonomy_micro_59_264_prefix,264,taxonomy_micro_59
taxonomy_micro_60_265_prefix,265,taxonomy_micro_60
taxonomy_micro_61_267_prefix,267,taxonomy_micro_61
taxonomy_micro_61_268_prefix,268,taxonomy_micro_61
taxonomy_micro_62_267_prefix,267,taxonomy_micro_62
taxonomy_micro_62_268_prefix,268,taxonomy_micro_62
taxonomy_micro_63_269_prefix,269,taxonomy_micro_63
taxonomy_micro_64_269_prefix,269,taxonomy_micro_64
taxonomy_micro_65_269_prefix,269,taxonomy_micro_65
taxonomy_micro_66_269_prefix,269,taxonomy_micro_66
taxonomy_micro_67_269_prefix,269,taxonomy_micro_67
taxonomy_micro_68_269_prefix,269,taxonomy_micro_68
taxonomy_micro_69_2711_prefix,2711,taxonomy_micro_69
taxonomy_micro_70_2711_prefix,2711,taxonomy_micro_70
taxonomy_micro_71_2712_prefix,2712,taxonomy_micro_71
taxonomy_micro_72_2712_prefix,2712,taxonomy_micro_72
taxonomy_micro_73_2713_prefix,2713,taxonomy_micro_73
taxonomy_micro_74_2713_prefix,2713,taxonomy_micro_74
taxonomy_micro_75_2721_prefix,2721,taxonomy_micro_75
taxonomy_micro_76_2722_prefix,2722,taxonomy_micro_76
taxonomy_micro_77_276_prefix,276,taxonomy_micro_77
taxonomy_micro_78_277_prefix,277,taxonomy_micro_78
taxonomy_micro_78_278_prefix,278,taxonomy_micro_78
taxonomy_micro_79_277_prefix,277,taxonomy_micro_79
taxonomy_micro_79_278_prefix,278,taxonomy_micro_79
taxonomy_micro_80_279_prefix,279,taxonomy_micro_80
taxonomy_micro_81_279_prefix,279,taxonomy_micro_81
taxonomy_micro_82_279_prefix,279,taxonomy_micro_82
taxonomy_micro_83_279_prefix,279,taxonomy_micro_83
taxonomy_micro_84_279_prefix,279,taxonomy_micro_84
taxonomy_micro_85_281_prefix,281,taxonomy_micro_85
taxonomy_micro_86_282_prefix,282,taxonomy_micro_86
taxonomy_micro_87_291_prefix,291,taxonomy_micro_87
taxonomy_micro_88_292_prefix,292,taxonomy_micro_88
taxonomy_micro_89_293_prefix,293,taxonomy_micro_89
taxonomy_micro_90_294_prefix,294,taxonomy_micro_90
taxonomy_micro_91_298_prefix,298,taxonomy_micro_91
taxonomy_micro_92_311_prefix,311,taxonomy_micro_92
taxonomy_micro_92_314_prefix,314,taxonomy_micro_92
taxonomy_micro_92_315_prefix,315,taxonomy_micro_92
taxonomy_micro_92_316_prefix,316,taxonomy_micro_92
taxonomy_micro_93_312_prefix,312,taxonomy_micro_93
taxonomy_micro_93_314_prefix,314,taxonomy_micro_93
taxonomy_micro_93_315_prefix,315,taxonomy_micro_93
taxonomy_micro_93_316_prefix,316,taxonomy_micro_93
taxonomy_micro_94_314_prefix,314,taxonomy_micro_94
taxonomy_micro_94_315_prefix,315,taxonomy_micro_94
taxonomy_micro_94_316_prefix,316,taxonomy_micro_94
taxonomy_micro_94_317_prefix,317,taxonomy_micro_94
taxonomy_micro_95_314_prefix,314,taxonomy_micro_95
taxonomy_micro_95_315_prefix,315,taxonomy_micro_95
taxonomy_micro_95_316_prefix,316,taxonomy_micro_95
taxonomy_micro_95_317_prefix,317,taxonomy_micro_95
taxonomy_micro_96_314_prefix,314,taxonomy_micro_96
taxonomy_micro_96_315_prefix,315,taxonomy_micro_96
taxonomy_micro_96_316_prefix,316,taxonomy_micro_96
taxonomy_micro_96_318_prefix,318,taxonomy_micro_96
taxonomy_micro_97_314_prefix,314,taxonomy_micro_97
taxonomy_micro_97_315_prefix,315,taxonomy_micro_97
taxonomy_micro_97_316_prefix,316,taxonomy_micro_97
taxonomy_micro_97_318_prefix,318,taxonomy_micro_97
taxonomy_micro_98_321_prefix,321,taxonomy_micro_98
taxonomy_micro_98_322_prefix,322,taxonomy_micro_98
taxonomy_micro_98_323_prefix,323,taxonomy_micro_98
taxonomy_micro_98_324_prefix,324,taxonomy_micro_98
taxonomy_micro_98_327_prefix,327,taxonomy_micro_98
taxonomy_micro_98_328_prefix,328,taxonomy_micro_98
taxonomy_micro_99_325_prefix,325,taxonomy_micro_99
taxonomy_micro_100_326_prefix,326,taxonomy_micro_100
taxonomy_micro_101_329_prefix,329,taxonomy_micro_101
taxonomy_micro_102_329_prefix,329,taxonomy_micro_102
taxonomy_micro_103_329_prefix,329,taxonomy_micro_103
taxonomy_micro_104_331_prefix,331,taxonomy_micro_104
taxonomy_micro_105_332_prefix,332,taxonomy_micro_105
taxonomy_micro_106_333_prefix,333,taxonomy_micro_106
taxonomy_micro_107_334_prefix,334,taxonomy_micro_107
taxonomy_micro_108_335_prefix,335,taxonomy_micro_108
taxonomy_micro_109_336_prefix,336,taxonomy_micro_109
taxonomy_micro_109_337_prefix,337,taxonomy_micro_109
taxonomy_micro_109_338_prefix,338,taxonomy_micro_109
taxonomy_micro_110_339_prefix,339,taxonomy_micro_110
taxonomy_micro_111_339_prefix,339,taxonomy_micro_111
taxonomy_micro_112_339_prefix,339,taxonomy_micro_112
taxonomy_micro_113_339_prefix,339,taxonomy_micro_113
taxonomy_micro_114_339_prefix,339,taxonomy_micro_114
taxonomy_micro_115_339_prefix,339,taxonomy_micro_115
taxonomy_micro_116_341_prefix,341,taxonomy_micro_116
taxonomy_micro_116_342_prefix,342,taxonomy_micro_116
taxonomy_micro_116_343_prefix,343,taxonomy_micro_116
taxonomy_micro_116_344_prefix,344,taxonomy_micro_116
taxonomy_micro_116_345_prefix,345,taxonomy_micro_116
taxonomy_micro_116_347_prefix,347,taxonomy_micro_116
taxonomy_micro_116_348_prefix,348,taxonomy_micro_116
taxonomy_micro_117_346_prefix,346,taxonomy_micro_117
taxonomy_micro_118_349_prefix,349,taxonomy_micro_118
taxonomy_micro_119_349_prefix,349,taxonomy_micro_119
taxonomy_micro_120_351_prefix,351,taxonomy_micro_120
taxonomy_micro_121_352_prefix,352,taxonomy_micro_121
taxonomy_micro_122_353_prefix,353,taxonomy_micro_122
taxonomy_micro_122_354_prefix,354,taxonomy_micro_122
taxonomy_micro_122_355_prefix,355,taxonomy_micro_122
taxonomy_micro_122_356_prefix,356,taxonomy_micro_122
taxonomy_micro_122_357_prefix,357,taxonomy_micro_122
taxonomy_micro_122_358_prefix,358,taxonomy_micro_122
taxonomy_micro_123_359_prefix,359,taxonomy_micro_123
taxonomy_micro_124_359_prefix,359,taxonomy_micro_124
taxonomy_micro_125_359_prefix,359,taxonomy_micro_125
taxonomy_micro_126_361_prefix,361,taxonomy_micro_126
taxonomy_micro_126_362_prefix,362,taxonomy_micro_126
taxonomy_micro_126_363_prefix,363,taxonomy_micro_126
taxonomy_micro_126_364_prefix,364,taxonomy_micro_126
taxonomy_micro_126_365_prefix,365,taxonomy_micro_126
taxonomy_micro_126_366_prefix,366,taxonomy_micro_126
taxonomy_micro_126_367_prefix,367,taxonomy_micro_126
taxonomy_micro_126_368_prefix,368,taxonomy_micro_126
taxonomy_micro_127_369_prefix,369,taxonomy_micro_127
taxonomy_micro_128_382_prefix,382,taxonomy_micro_128
taxonomy_micro_129_383_prefix,383,taxonomy_micro_129
taxonomy_micro_130_384_prefix,384,taxonomy_micro_130
taxonomy_micro_131_385_prefix,385,taxonomy_micro_131
taxonomy_micro_132_386_prefix,386,taxonomy_micro_132
taxonomy_micro_133_39_prefix,39,taxonomy_micro_133
taxonomy_micro_134_39_prefix,39,taxonomy_micro_134
taxonomy_micro_135_39_prefix,39,taxonomy_micro_135
taxonomy_micro_136_39_prefix,39,taxonomy_micro_136
taxonomy_micro_137_39_prefix,39,taxonomy_micro_137
taxonomy_micro_138_4141_prefix,4141,taxonomy_micro_138
taxonomy_micro_139_4142_prefix,4142,taxonomy_micro_139
taxonomy_micro_140_4143_prefix,4143,taxonomy_micro_140
taxonomy_micro_140_4144_prefix,4144,taxonomy_micro_140
taxonomy_micro_140_4145_prefix,4145,taxonomy_micro_140
taxonomy_micro_140_4146_prefix,4146,taxonomy_micro_140
taxonomy_micro_140_4147_prefix,4147,taxonomy_micro_140
taxonomy_micro_140_4148_prefix,4148,taxonomy_micro_140
taxonomy_micro_140_4149_prefix,4149,taxonomy_micro_140
taxonomy_micro_141_419_prefix,419,taxonomy_micro_141
taxonomy_micro_142_419_prefix,419,taxonomy_micro_142
taxonomy_micro_143_419_prefix,419,taxonomy_micro_143
taxonomy_micro_144_431_prefix,431,taxonomy_micro_144
taxonomy_micro_145_432_prefix,432,taxonomy_micro_145
taxonomy_micro_146_433_prefix,433,taxonomy_micro_146
taxonomy_micro_147_434_prefix,434,taxonomy_micro_147
taxonomy_micro_148_435_prefix,435,taxonomy_micro_148
taxonomy_micro_149_436_prefix,436,taxonomy_micro_149
taxonomy_micro_150_437_prefix,437,taxonomy_micro_150
taxonomy_micro_151_438_prefix,438,taxonomy_micro_151
taxonomy_micro_152_438_prefix,438,taxonomy_micro_152
taxonomy_micro_153_438_prefix,438,taxonomy_micro_153
taxonomy_micro_154_438_prefix,438,taxonomy_micro_154
taxonomy_micro_155_438_prefix,438,taxonomy_micro_155
taxonomy_micro_156_438_prefix,438,taxonomy_micro_156
taxonomy_micro_157_438_prefix,438,taxonomy_micro_157
taxonomy_micro_158_441_prefix,441,taxonomy_micro_158
taxonomy_micro_159_442_prefix,442,taxonomy_micro_159
taxonomy_micro_160_443_prefix,443,taxonomy_micro_160
taxonomy_micro_161_444_prefix,444,taxonomy_micro_161
taxonomy_micro_162_445_prefix,445,taxonomy_micro_162
taxonomy_micro_162_446_prefix,446,taxonomy_micro_162
taxonomy_micro_162_447_prefix,447,taxonomy_micro_162
taxonomy_micro_163_448_prefix,448,taxonomy_micro_163
taxonomy_micro_164_448_prefix,448,taxonomy_micro_164
taxonomy_micro_165_448_prefix,448,taxonomy_micro_165
taxonomy_micro_166_448_prefix,448,taxonomy_micro_166
taxonomy_micro_167_448_prefix,448,taxonomy_micro_167
taxonomy_micro_168_451_prefix,451,taxonomy_micro_168
taxonomy_micro_168_456_prefix,456,taxonomy_micro_168
taxonomy_micro_168_457_prefix,457,taxonomy_micro_168
taxonomy_micro_168_458_prefix,458,taxonomy_micro_168
taxonomy_micro_169_453_prefix,453,taxonomy_micro_169
taxonomy_micro_169_456_prefix,456,taxonomy_micro_169
taxonomy_micro_169_457_prefix,457,taxonomy_micro_169
taxonomy_micro_169_458_prefix,458,taxonomy_micro_169
taxonomy_micro_170_454_prefix,454,taxonomy_micro_170
taxonomy_micro_170_456_prefix,456,taxonomy_micro_170
taxonomy_micro_170_457_prefix,457,taxonomy_micro_170
taxonomy_micro_170_458_prefix,458,taxonomy_micro_170
taxonomy_micro_171_455_prefix,455,taxonomy_micro_171
taxonomy_micro_171_456_prefix,456,taxonomy_micro_171
taxonomy_micro_171_457_prefix,457,taxonomy_micro_171
taxonomy_micro_171_458_prefix,458,taxonomy_micro_171
taxonomy_micro_172_455_prefix,455,taxonomy_micro_172
taxonomy_micro_172_456_prefix,456,taxonomy_micro_172
taxonomy_micro_172_457_prefix,457,taxonomy_micro_172
taxonomy_micro_172_458_prefix,458,taxonomy_micro_172
taxonomy_micro_173_455_prefix,455,taxonomy_micro_173
taxonomy_micro_173_456_prefix,456,taxonomy_micro_173
taxonomy_micro_173_457_prefix,457,taxonomy_micro_173
taxonomy_micro_173_458_prefix,458,taxonomy_micro_173
taxonomy_micro_174_51_prefix,51,taxonomy_micro_174
taxonomy_micro_175_521_prefix,521,taxonomy_micro_175
taxonomy_micro_175_523_prefix,523,taxonomy_micro_175
taxonomy_micro_175_524_prefix,524,taxonomy_micro_175
taxonomy_micro_175_525_prefix,525,taxonomy_micro_175
taxonomy_micro_175_526_prefix,526,taxonomy_micro_175
taxonomy_micro_175_527_prefix,527,taxonomy_micro_175
taxonomy_micro_175_528_prefix,528,taxonomy_micro_175
taxonomy_micro_175_529_prefix,529,taxonomy_micro_175
taxonomy_micro_176_522_prefix,522,taxonomy_micro_176
taxonomy_micro_176_523_prefix,523,taxonomy_micro_176
taxonomy_micro_176_524_prefix,524,taxonomy_micro_176
taxonomy_micro_176_525_prefix,525,taxonomy_micro_176
taxonomy_micro_176_526_prefix,526,taxonomy_micro_176
taxonomy_micro_176_527_prefix,527,taxonomy_micro_176
taxonomy_micro_176_528_prefix,528,taxonomy_micro_176
taxonomy_micro_176_529_prefix,529,taxonomy_micro_176
taxonomy_micro_177_53_prefix,53,taxonomy_micro_177
taxonomy_micro_178_54_prefix,54,taxonomy_micro_178
taxonomy_micro_179_551_prefix,551,taxonomy_micro_179
taxonomy_micro_180_552_prefix,552,taxonomy_micro_180
taxonomy_micro_180_553_prefix,553,taxonomy_micro_180
taxonomy_micro_180_554_prefix,554,taxonomy_micro_180
taxonomy_micro_180_555_prefix,555,taxonomy_micro_180
taxonomy_micro_180_556_prefix,556,taxonomy_micro_180
taxonomy_micro_180_557_prefix,557,taxonomy_micro_180
taxonomy_micro_180_558_prefix,558,taxonomy_micro_180
taxonomy_micro_180_559_prefix,559,taxonomy_micro_180
taxonomy_micro_181_56_prefix,56,taxonomy_micro_181
taxonomy_micro_182_581_prefix,581,taxonomy_micro_182
taxonomy_micro_183_589_prefix,589,taxonomy_micro_183
taxonomy_micro_184_5931_prefix,5931,taxonomy_micro_184
taxonomy_micro_185_5932_prefix,5932,taxonomy_micro_185
taxonomy_micro_186_594_prefix,594,taxonomy_micro_186
taxonomy_micro_187_595_prefix,595,taxonomy_micro_187
taxonomy_micro_187_596_prefix,596,taxonomy_micro_187
taxonomy_micro_187_597_prefix,597,taxonomy_micro_187
taxonomy_micro_187_598_prefix,598,taxonomy_micro_187
taxonomy_micro_187_599_prefix,599,taxonomy_micro_187
taxonomy_micro_188_611_prefix,611,taxonomy_micro_188
taxonomy_micro_189_612_prefix,612,taxonomy_micro_189
taxonomy_micro_190_621_prefix,621,taxonomy_micro_190
taxonomy_micro_191_622_prefix,622,taxonomy_micro_191
taxonomy_micro_192_623_prefix,623,taxonomy_micro_192
taxonomy_micro_193_624_prefix,624,taxonomy_micro_193
taxonomy_micro_194_625_prefix,625,taxonomy_micro_194
taxonomy_micro_195_626_prefix,626,taxonomy_micro_195
taxonomy_micro_196_631_prefix,631,taxonomy_micro_196
taxonomy_micro_197_632_prefix,632,taxonomy_micro_197
taxonomy_micro_198_634_prefix,634,taxonomy_micro_198
taxonomy_micro_199_635_prefix,635,taxonomy_micro_199
taxonomy_micro_200_636_prefix,636,taxonomy_micro_200
taxonomy_micro_201_637_prefix,637,taxonomy_micro_201
taxonomy_micro_202_638_prefix,638,taxonomy_micro_202
taxonomy_micro_203_642_prefix,642,taxonomy_micro_203
taxonomy_micro_204_642_prefix,642,taxonomy_micro_204
taxonomy_micro_205_642_prefix,642,taxonomy_micro_205
taxonomy_micro_206_642_prefix,642,taxonomy_micro_206
taxonomy_micro_207_642_prefix,642,taxonomy_micro_207
taxonomy_micro_208_642_prefix,642,taxonomy_micro_208
taxonomy_micro_209_642_prefix,642,taxonomy_micro_209
taxonomy_micro_210_643_prefix,643,taxonomy_micro_210
taxonomy_micro_211_643_prefix,643,taxonomy_micro_211
taxonomy_micro_212_643_prefix,643,taxonomy_micro_212
taxonomy_micro_213_643_prefix,643,taxonomy_micro_213
taxonomy_micro_214_643_prefix,643,taxonomy_micro_214
taxonomy_micro_215_652_prefix,652,taxonomy_micro_215
taxonomy_micro_215_653_prefix,653,taxonomy_micro_215
taxonomy_micro_215_6511_prefix,6511,taxonomy_micro_215
taxonomy_micro_215_6512_prefix,6512,taxonomy_micro_215
taxonomy_micro_216_6511_prefix,6511,taxonomy_micro_216
taxonomy_micro_217_6512_prefix,6512,taxonomy_micro_217
taxonomy_micro_218_652_prefix,652,taxonomy_micro_218
taxonomy_micro_219_652_prefix,652,taxonomy_micro_219
taxonomy_micro_220_652_prefix,652,taxonomy_micro_220
taxonomy_micro_221_652_prefix,652,taxonomy_micro_221
taxonomy_micro_222_652_prefix,652,taxonomy_micro_222
taxonomy_micro_223_653_prefix,653,taxonomy_micro_223
taxonomy_micro_224_653_prefix,653,taxonomy_micro_224
taxonomy_micro_225_653_prefix,653,taxonomy_micro_225
taxonomy_micro_226_653_prefix,653,taxonomy_micro_226
taxonomy_micro_227_671_prefix,671,taxonomy_micro_227
taxonomy_micro_228_672_prefix,672,taxonomy_micro_228
taxonomy_micro_229_673_prefix,673,taxonomy_micro_229
taxonomy_micro_230_674_prefix,674,taxonomy_micro_230
taxonomy_micro_231_678_prefix,678,taxonomy_micro_231
taxonomy_micro_232_6811_prefix,6811,taxonomy_micro_232
taxonomy_micro_233_6812_prefix,6812,taxonomy_micro_233
taxonomy_micro_234_6813_prefix,6813,taxonomy_micro_234
taxonomy_micro_235_682_prefix,682,taxonomy_micro_235
taxonomy_micro_236_683_prefix,683,taxonomy_micro_236
taxonomy_micro_237_6841_prefix,6841,taxonomy_micro_237
taxonomy_micro_238_6842_prefix,6842,taxonomy_micro_238
taxonomy_micro_239_6843_prefix,6843,taxonomy_micro_239
taxonomy_micro_239_6844_prefix,6844,taxonomy_micro_239
taxonomy_micro_239_6845_prefix,6845,taxonomy_micro_239
taxonomy_micro_239_6846_prefix,6846,taxonomy_micro_239
taxonomy_micro_239_6847_prefix,6847,taxonomy_micro_239
taxonomy_micro_239_6848_prefix,6848,taxonomy_micro_239
taxonomy_micro_240_6861_prefix,6861,taxonomy_micro_240
taxonomy_micro_241_6862_prefix,6862,taxonomy_micro_241
taxonomy_micro_242_6863_prefix,6863,taxonomy_micro_242
taxonomy_micro_243_6864_prefix,6864,taxonomy_micro_243
taxonomy_micro_243_6865_prefix,6865,taxonomy_micro_243
taxonomy_micro_243_6866_prefix,6866,taxonomy_micro_243
taxonomy_micro_243_6867_prefix,6867,taxonomy_micro_243
taxonomy_micro_243_6868_prefix,6868,taxonomy_micro_243
taxonomy_micro_244_6871_prefix,6871,taxonomy_micro_244
taxonomy_micro_245_6872_prefix,6872,taxonomy_micro_245
taxonomy_micro_246_6873_prefix,6873,taxonomy_micro_246
taxonomy_micro_247_6875_prefix,6875,taxonomy_micro_247
taxonomy_micro_247_6876_prefix,6876,taxonomy_micro_247
taxonomy_micro_247_6877_prefix,6877,taxonomy_micro_247
taxonomy_micro_247_6878_prefix,6878,taxonomy_micro_247
taxonomy_micro_248_6881_prefix,6881,taxonomy_micro_248
taxonomy_micro_249_6882_prefix,6882,taxonomy_micro_249
taxonomy_micro_250_6883_prefix,6883,taxonomy_micro_250
taxonomy_micro_251_6884_prefix,6884,taxonomy_micro_251
taxonomy_micro_252_6885_prefix,6885,taxonomy_micro_252
taxonomy_micro_253_6887_prefix,6887,taxonomy_micro_253
taxonomy_micro_254_6888_prefix,6888,taxonomy_micro_254
taxonomy_micro_255_6911_prefix,6911,taxonomy_micro_255
taxonomy_micro_256_6912_prefix,6912,taxonomy_micro_256
taxonomy_micro_256_6913_prefix,6913,taxonomy_micro_256
taxonomy_micro_256_6914_prefix,6914,taxonomy_micro_256
taxonomy_micro_256_6915_prefix,6915,taxonomy_micro_256
taxonomy_micro_256_6916_prefix,6916,taxonomy_micro_256
taxonomy_micro_256_6917_prefix,6917,taxonomy_micro_256
taxonomy_micro_256_6918_prefix,6918,taxonomy_micro_256
taxonomy_micro_257_6921_prefix,6921,taxonomy_micro_257
taxonomy_micro_258_6922_prefix,6922,taxonomy_micro_258
taxonomy_micro_258_6923_prefix,6923,taxonomy_micro_258
taxonomy_micro_258_6924_prefix,6924,taxonomy_micro_258
taxonomy_micro_258_6925_prefix,6925,taxonomy_micro_258
taxonomy_micro_258_6926_prefix,6926,taxonomy_micro_258
taxonomy_micro_258_6927_prefix,6927,taxonomy_micro_258
taxonomy_micro_258_6928_prefix,6928,taxonomy_micro_258
taxonomy_micro_259_693_prefix,693,taxonomy_micro_259
taxonomy_micro_259_694_prefix,694,taxonomy_micro_259
taxonomy_micro_259_695_prefix,695,taxonomy_micro_259
taxonomy_micro_259_696_prefix,696,taxonomy_micro_259
taxonomy_micro_259_697_prefix,697,taxonomy_micro_259
taxonomy_micro_259_6981_prefix,6981,taxonomy_micro_259
taxonomy_micro_259_6982_prefix,6982,taxonomy_micro_259
taxonomy_micro_259_6983_prefix,6983,taxonomy_micro_259
taxonomy_micro_259_6984_prefix,6984,taxonomy_micro_259
taxonomy_micro_259_6985_prefix,6985,taxonomy_micro_259
taxonomy_micro_259_6986_prefix,6986,taxonomy_micro_259
taxonomy_micro_259_6987_prefix,6987,taxonomy_micro_259
taxonomy_micro_260_693_prefix,693,taxonomy_micro_260
taxonomy_micro_260_694_prefix,694,taxonomy_micro_260
taxonomy_micro_260_695_prefix,695,taxonomy_micro_260
taxonomy_micro_260_696_prefix,696,taxonomy_micro_260
taxonomy_micro_260_697_prefix,697,taxonomy_micro_260
taxonomy_micro_260_6982_prefix,6982,taxonomy_micro_260
taxonomy_micro_260_6983_prefix,6983,taxonomy_micro_260
taxonomy_micro_260_6984_prefix,6984,taxonomy_micro_260
taxonomy_micro_260_6985_prefix,6985,taxonomy_micro_260
taxonomy_micro_260_6986_prefix,6986,taxonomy_micro_260
taxonomy_micro_260_6987_prefix,6987,taxonomy_micro_260
taxonomy_micro_260_6988_prefix,6988,taxonomy_micro_260
taxonomy_micro_261_711_prefix,711,taxonomy_micro_261
taxonomy_micro_261_715_prefix,715,taxonomy_micro_261
taxonomy_micro_262_712_prefix,712,taxonomy_micro_262
taxonomy_micro_262_715_prefix,715,taxonomy_micro_262
taxonomy_micro_263_713_prefix,713,taxonomy_micro_263
taxonomy_micro_263_715_prefix,715,taxonomy_micro_263
taxonomy_micro_264_715_prefix,715,taxonomy_micro_264
taxonomy_micro_264_716_prefix,716,taxonomy_micro_264
taxonomy_micro_265_715_prefix,715,taxonomy_micro_265
taxonomy_micro_265_717_prefix,717,taxonomy_micro_265
taxonomy_micro_266_715_prefix,715,taxonomy_micro_266
taxonomy_micro_266_718_prefix,718,taxonomy_micro_266
taxonomy_micro_267_721_prefix,721,taxonomy_micro_267
taxonomy_micro_268_722_prefix,722,taxonomy_micro_268
taxonomy_micro_269_723_prefix,723,taxonomy_micro_269
taxonomy_micro_269_724_prefix,724,taxonomy_micro_269
taxonomy_micro_269_727_prefix,727,taxonomy_micro_269
taxonomy_micro_270_725_prefix,725,taxonomy_micro_270
taxonomy_micro_271_726_prefix,726,taxonomy_micro_271
taxonomy_micro_272_728_prefix,728,taxonomy_micro_272
taxonomy_micro_273_731_prefix,731,taxonomy_micro_273
taxonomy_micro_274_732_prefix,732,taxonomy_micro_274
taxonomy_micro_275_733_prefix,733,taxonomy_micro_275
taxonomy_micro_276_741_prefix,741,taxonomy_micro_276
taxonomy_micro_276_745_prefix,745,taxonomy_micro_276
taxonomy_micro_276_746_prefix,746,taxonomy_micro_276
taxonomy_micro_276_747_prefix,747,taxonomy_micro_276
taxonomy_micro_276_748_prefix,748,taxonomy_micro_276
taxonomy_micro_276_749_prefix,749,taxonomy_micro_276
taxonomy_micro_277_742_prefix,742,taxonomy_micro_277
taxonomy_micro_277_745_prefix,745,taxonomy_micro_277
taxonomy_micro_277_746_prefix,746,taxonomy_micro_277
taxonomy_micro_277_747_prefix,747,taxonomy_micro_277
taxonomy_micro_277_748_prefix,748,taxonomy_micro_277
taxonomy_micro_277_749_prefix,749,taxonomy_micro_277
taxonomy_micro_278_744_prefix,744,taxonomy_micro_278
taxonomy_micro_278_745_prefix,745,taxonomy_micro_278
taxonomy_micro_278_746_prefix,746,taxonomy_micro_278
taxonomy_micro_278_747_prefix,747,taxonomy_micro_278
taxonomy_micro_278_748_prefix,748,taxonomy_micro_278
taxonomy_micro_278_749_prefix,749,taxonomy_micro_278
taxonomy_micro_279_751_prefix,751,taxonomy_micro_279
taxonomy_micro_280_752_prefix,752,taxonomy_micro_280
taxonomy_micro_281_7612_prefix,7612,taxonomy_micro_281
taxonomy_micro_282_7612_prefix,7612,taxonomy_micro_282
taxonomy_micro_283_7612_prefix,7612,taxonomy_micro_283
taxonomy_micro_284_7612_prefix,7612,taxonomy_micro_284
taxonomy_micro_285_7612_prefix,7612,taxonomy_micro_285
taxonomy_micro_286_7612_prefix,7612,taxonomy_micro_286
taxonomy_micro_287_7612_prefix,7612,taxonomy_micro_287
taxonomy_micro_288_7613_prefix,7613,taxonomy_micro_288
taxonomy_micro_289_7613_prefix,7613,taxonomy_micro_289
taxonomy_micro_290_7613_prefix,7613,taxonomy_micro_290
taxonomy_micro_291_7613_prefix,7613,taxonomy_micro_291
taxonomy_micro_292_7613_prefix,7613,taxonomy_micro_292
taxonomy_micro_293_76211_prefix,76211,taxonomy_micro_293
taxonomy_micro_294_76212_prefix,76212,taxonomy_micro_294
taxonomy_micro_295_7622_prefix,7622,taxonomy_micro_295
taxonomy_micro_296_7622_prefix,7622,taxonomy_micro_296
taxonomy_micro_297_7622_prefix,7622,taxonomy_micro_297
taxonomy_micro_298_7622_prefix,7622,taxonomy_micro_298
taxonomy_micro_299_7622_prefix,7622,taxonomy_micro_299
taxonomy_micro_300_7623_prefix,7623,taxonomy_micro_300
taxonomy_micro_301_7623_prefix,7623,taxonomy_micro_301
taxonomy_micro_302_7623_prefix,7623,taxonomy_micro_302
taxonomy_micro_303_7631_prefix,7631,taxonomy_micro_303
taxonomy_micro_304_7632_prefix,7632,taxonomy_micro_304
taxonomy_micro_305_7633_prefix,7633,taxonomy_micro_305
taxonomy_micro_306_7634_prefix,7634,taxonomy_micro_306
taxonomy_micro_307_781_prefix,781,taxonomy_micro_307
taxonomy_micro_308_782_prefix,782,taxonomy_micro_308
taxonomy_micro_309_783_prefix,783,taxonomy_micro_309
taxonomy_micro_310_7841_prefix,7841,taxonomy_micro_310
taxonomy_micro_311_7842_prefix,7842,taxonomy_micro_311
taxonomy_micro_312_7843_prefix,7843,taxonomy_micro_312
taxonomy_micro_312_7844_prefix,7844,taxonomy_micro_312
taxonomy_micro_312_7845_prefix,7845,taxonomy_micro_312
taxonomy_micro_312_7846_prefix,7846,taxonomy_micro_312
taxonomy_micro_312_7847_prefix,7847,taxonomy_micro_312
taxonomy_micro_312_7848_prefix,7848,taxonomy_micro_312
taxonomy_micro_313_7861_prefix,7861,taxonomy_micro_313
taxonomy_micro_314_7862_prefix,7862,taxonomy_micro_314
taxonomy_micro_315_7863_prefix,7863,taxonomy_micro_315
taxonomy_micro_315_7864_prefix,7864,taxonomy_micro_315
taxonomy_micro_315_7865_prefix,7865,taxonomy_micro_315
taxonomy_micro_315_7866_prefix,7866,taxonomy_micro_315
taxonomy_micro_315_7867_prefix,7867,taxonomy_micro_315
taxonomy_micro_315_7868_prefix,7868,taxonomy_micro_315
taxonomy_micro_316_7871_prefix,7871,taxonomy_micro_316
taxonomy_micro_317_7872_prefix,7872,taxonomy_micro_317
taxonomy_micro_318_7874_prefix,7874,taxonomy_micro_318
taxonomy_micro_318_7875_prefix,7875,taxonomy_micro_318
taxonomy_micro_318_7876_prefix,7876,taxonomy_micro_318
taxonomy_micro_318_7877_prefix,7877,taxonomy_micro_318
taxonomy_micro_318_7878_prefix,7878,taxonomy_micro_318
taxonomy_micro_319_7881_prefix,7881,taxonomy_micro_319
taxonomy_micro_320_7882_prefix,7882,taxonomy_micro_320
taxonomy_micro_321_7883_prefix,7883,taxonomy_micro_321
taxonomy_micro_322_7885_prefix,7885,taxonomy_micro_322
taxonomy_micro_323_7887_prefix,7887,taxonomy_micro_323
taxonomy_micro_324_7886_prefix,7886,taxonomy_micro_324
taxonomy_micro_324_7888_prefix,7888,taxonomy_micro_324
taxonomy_micro_325_7911_prefix,7911,taxonomy_micro_325
taxonomy_micro_326_7915_prefix,7915,taxonomy_micro_326
taxonomy_micro_327_7916_prefix,7916,taxonomy_micro_327
taxonomy_micro_327_7917_prefix,7917,taxonomy_micro_327
taxonomy_micro_327_7918_prefix,7918,taxonomy_micro_327
taxonomy_micro_328_792_prefix,792,taxonomy_micro_328
taxonomy_micro_329_793_prefix,793,taxonomy_micro_329
taxonomy_micro_330_794_prefix,794,taxonomy_micro_330
taxonomy_micro_330_795_prefix,795,taxonomy_micro_330
taxonomy_micro_330_796_prefix,796,taxonomy_micro_330
taxonomy_micro_330_797_prefix,797,taxonomy_micro_330
taxonomy_micro_330_798_prefix,798,taxonomy_micro_330
taxonomy_micro_330_799_prefix,799,taxonomy_micro_330
taxonomy_micro_331_82_prefix,82,taxonomy_micro_331
taxonomy_micro_331_83_prefix,83,taxonomy_micro_331
taxonomy_micro_331_84_prefix,84,taxonomy_micro_331
taxonomy_micro_331_85_prefix,85,taxonomy_micro_331
taxonomy_micro_331_86_prefix,86,taxonomy_micro_331
taxonomy_micro_331_87_prefix,87,taxonomy_micro_331
taxonomy_micro_331_88_prefix,88,taxonomy_micro_331
taxonomy_micro_331_811_prefix,811,taxonomy_micro_331
taxonomy_micro_331_813_prefix,813,taxonomy_micro_331
taxonomy_micro_331_814_prefix,814,taxonomy_micro_331
taxonomy_micro_331_815_prefix,815,taxonomy_micro_331
taxonomy_micro_331_816_prefix,816,taxonomy_micro_331
taxonomy_micro_331_817_prefix,817,taxonomy_micro_331
taxonomy_micro_331_819_prefix,819,taxonomy_micro_331
taxonomy_micro_331_8123_prefix,8123,taxonomy_micro_331
taxonomy_micro_331_8124_prefix,8124,taxonomy_micro_331
taxonomy_micro_331_8125_prefix,8125,taxonomy_micro_331
taxonomy_micro_331_8126_prefix,8126,taxonomy_micro_331
taxonomy_micro_331_8127_prefix,8127,taxonomy_micro_331
taxonomy_micro_331_8128_prefix,8128,taxonomy_micro_331
taxonomy_micro_331_8129_prefix,8129,taxonomy_micro_331
taxonomy_micro_332_82_prefix,82,taxonomy_micro_332
taxonomy_micro_332_83_prefix,83,taxonomy_micro_332
taxonomy_micro_332_84_prefix,84,taxonomy_micro_332
taxonomy_micro_332_85_prefix,85,taxonomy_micro_332
taxonomy_micro_332_86_prefix,86,taxonomy_micro_332
taxonomy_micro_332_87_prefix,87,taxonomy_micro_332
taxonomy_micro_332_88_prefix,88,taxonomy_micro_332
taxonomy_micro_332_813_prefix,813,taxonomy_micro_332
taxonomy_micro_332_814_prefix,814,taxonomy_micro_332
taxonomy_micro_332_815_prefix,815,taxonomy_micro_332
taxonomy_micro_332_816_prefix,816,taxonomy_micro_332
taxonomy_micro_332_817_prefix,817,taxonomy_micro_332
taxonomy_micro_332_819_prefix,819,taxonomy_micro_332
taxonomy_micro_332_8121_prefix,8121,taxonomy_micro_332
taxonomy_micro_332_8123_prefix,8123,taxonomy_micro_332
taxonomy_micro_332_8124_prefix,8124,taxonomy_micro_332
taxonomy_micro_332_8125_prefix,8125,taxonomy_micro_332
taxonomy_micro_332_8126_prefix,8126,taxonomy_micro_332
taxonomy_micro_332_8127_prefix,8127,taxonomy_micro_332
taxonomy_micro_332_8128_prefix,8128,taxonomy_micro_332
taxonomy_micro_332_8129_prefix,8129,taxonomy_micro_332
taxonomy_micro_333_82_prefix,82,taxonomy_micro_333
taxonomy_micro_333_83_prefix,83,taxonomy_micro_333
taxonomy_micro_333_84_prefix,84,taxonomy_micro_333
taxonomy_micro_333_85_prefix,85,taxonomy_micro_333
taxonomy_micro_333_86_prefix,86,taxonomy_micro_333
taxonomy_micro_333_87_prefix,87,taxonomy_micro_333
taxonomy_micro_333_88_prefix,88,taxonomy_micro_333
taxonomy_micro_333_813_prefix,813,taxonomy_micro_333
taxonomy_micro_333_814_prefix,814,taxonomy_micro_333
taxonomy_micro_333_815_prefix,815,taxonomy_micro_333
taxonomy_micro_333_816_prefix,816,taxonomy_micro_333
taxonomy_micro_333_817_prefix,817,taxonomy_micro_333
taxonomy_micro_333_818_prefix,818,taxonomy_micro_333
taxonomy_micro_333_819_prefix,819,taxonomy_micro_333
taxonomy_micro_333_8123_prefix,8123,taxonomy_micro_333
taxonomy_micro_333_8124_prefix,8124,taxonomy_micro_333
taxonomy_micro_333_8125_prefix,8125,taxonomy_micro_333
taxonomy_micro_333_8126_prefix,8126,taxonomy_micro_333
taxonomy_micro_333_8127_prefix,8127,taxonomy_micro_333
taxonomy_micro_333_8128_prefix,8128,taxonomy_micro_333
taxonomy_micro_333_8129_prefix,8129,taxonomy_micro_333
taxonomy_micro_334_82_prefix,82,taxonomy_micro_334
taxonomy_micro_334_83_prefix,83,taxonomy_micro_334
taxonomy_micro_334_84_prefix,84,taxonomy_micro_334
taxonomy_micro_334_85_prefix,85,taxonomy_micro_334
taxonomy_micro_334_86_prefix,86,taxonomy_micro_334
taxonomy_micro_334_87_prefix,87,taxonomy_micro_334
taxonomy_micro_334_88_prefix,88,taxonomy_micro_334
taxonomy_micro_334_89_prefix,89,taxonomy_micro_334
taxonomy_micro_334_813_prefix,813,taxonomy_micro_334
taxonomy_micro_334_814_prefix,814,taxonomy_micro_334
taxonomy_micro_334_815_prefix,815,taxonomy_micro_334
taxonomy_micro_334_816_prefix,816,taxonomy_micro_334
taxonomy_micro_334_817_prefix,817,taxonomy_micro_334
taxonomy_micro_334_819_prefix,819,taxonomy_micro_334
taxonomy_micro_334_8123_prefix,8123,taxonomy_micro_334
taxonomy_micro_334_8124_prefix,8124,taxonomy_micro_334
taxonomy_micro_334_8125_prefix,8125,taxonomy_micro_334
taxonomy_micro_334_8126_prefix,8126,taxonomy_micro_334
taxonomy_micro_334_8127_prefix,8127,taxonomy_micro_334
taxonomy_micro_334_8128_prefix,8128,taxonomy_micro_334
taxonomy_micro_334_8129_prefix,8129,taxonomy_micro_334
